origen,dest,tram,linia,type,length,speed,time,directed,geometry
F-L6-PC,F-L6-PR,Catalunya - Diagonal,L6,FGC,1217.8896697156242,6.944444444444445,02:55,False,"LINESTRING (2.168718900086694 41.38561742310187, 2.1678100000000002 41.3857, 2.16759 41.38575, 2.16729 41.38589100000001, 2.1665 41.38658099999999, 2.1656300000000006 41.387131, 2.1642 41.38816100000001, 2.158052267605229 41.39284244094162)"
F-L6-PR,F-L6-GR,Diagonal - Gràcia,L6,FGC,840.6446674227542,6.944444444444445,02:01,False,"LINESTRING (2.158052267605229 41.39284244094162, 2.1561499999999993 41.394290999999996, 2.15584 41.39471100000001, 2.15571 41.395019999999995, 2.15564 41.39537, 2.1553899999999997 41.39587000000001, 2.15473 41.396930999999995, 2.15347 41.398300000000006, 2.1526649331316006 41.399100851858606)"
F-L6-GR,F-L6-SG,Gràcia - Sant Gervasi,L6,FGC,556.7679468520003,6.944444444444445,01:20,False,"LINESTRING (2.1526649331316006 41.399100851858606, 2.15156 41.4002, 2.1512000000000007 41.400471, 2.1507799999999997 41.4007, 2.1501 41.400969999999994, 2.14955 41.40111199999998, 2.14898 41.401192, 2.14772 41.401211, 2.147436 41.401188000000005, 2.147208 41.401154000000005, 2.1471184479852554 41.40113368741282)"
F-L6-SG,F-L6-MN,Sant Gervasi - Muntaner,L6,FGC,496.06069569084906,6.944444444444445,01:11,False,"LINESTRING (2.1471184479852554 41.40113368741282, 2.1467010000000006 41.401039, 2.146454 41.400954999999996, 2.146159 41.400795, 2.144453 41.399734, 2.1431950000000004 41.39894900000001, 2.14305 41.39884599999999, 2.1423396843357327 41.398541256521156)"
F-L6-MN,F-L6-BN,Muntaner - La Bonanova,L6,FGC,507.6850306717474,6.944444444444445,01:13,False,"LINESTRING (2.1423396843357327 41.398541256521156, 2.142106 41.39844099999999, 2.14124 41.398129000000004, 2.1403459999999996 41.397964, 2.1401770000000004 41.397929999999995, 2.139936 41.397896, 2.139185 41.39786900000001, 2.1387670000000005 41.39787700000001, 2.137399 41.397861000000006, 2.1364338604996322 41.39785862864988)"
F-L6-BN,F-L6-TT,La Bonanova - Les Tres Torres,L6,FGC,469.9928085627822,6.944444444444445,01:07,False,"LINESTRING (2.1364338604996322 41.39785862864988, 2.1361779999999997 41.397858, 2.135336 41.397858, 2.1331180000000005 41.39784199999998, 2.1323480000000004 41.397842, 2.1308120058373325 41.39784794195034)"
F-L6-TT,F-L6-SR,Les Tres Torres - Sarrià,L6,FGC,378.81151338712124,6.944444444444445,00:54,False,"LINESTRING (2.1308120058373325 41.39784794195034, 2.13028 41.39785, 2.127705 41.39784600000001, 2.1272550000000003 41.397884, 2.126938 41.397934000000014, 2.1265600000000004 41.398048, 2.126353 41.39814)"
F-L7-PC,F-L7-PR,Catalunya - Diagonal,L7,FGC,1217.9953753439286,6.944444444444445,02:55,False,"LINESTRING (2.168718900086694 41.38561742310187, 2.1678100000000002 41.3857, 2.16759 41.38575, 2.16729 41.38589100000001, 2.1665000000000005 41.38658899999999, 2.1656300000000006 41.387131, 2.1642 41.38816100000001, 2.158052267605229 41.39284244094162)"
F-L7-PR,F-L7-GR,Diagonal - Gràcia,L7,FGC,840.6511498472893,6.944444444444445,02:01,False,"LINESTRING (2.158052267605229 41.39284244094162, 2.1561499999999993 41.394290999999996, 2.15584 41.39471799999999, 2.15571 41.395019999999995, 2.15564 41.39537, 2.1553899999999997 41.39587000000001, 2.15473 41.396938, 2.15347 41.398300000000006, 2.1526649331316006 41.399100851858606)"
F-L7-GR,F-L7-PM,Gràcia - Pl. Molina,L7,FGC,602.6086039777929,6.944444444444445,01:26,False,"LINESTRING (2.1526649331316006 41.399100851858606, 2.15156 41.4002, 2.1512000000000007 41.400471, 2.1507799999999997 41.4007, 2.1501 41.400969999999994, 2.14955 41.401119, 2.14898 41.401199, 2.148356 41.401225999999994, 2.147725 41.40121500000001, 2.1474250000000006 41.401278999999995, 2.147283 41.40133300000001, 2.1467241819235707 41.40163780985987)"
F-L7-PM,F-L7-PD,Pl. Molina - Pàdua,L7,FGC,393.9744223492889,6.944444444444445,00:56,False,"LINESTRING (2.1467241819235707 41.40163780985987, 2.146073 41.401993, 2.145032 41.402573, 2.144866 41.402641, 2.144359 41.402809, 2.143726 41.402985, 2.143369 41.403088, 2.1432160000000002 41.403141, 2.1427238027854103 41.40345540139873)"
F-L7-PD,F-L7-EP,Pàdua - El Putxet,L7,FGC,416.65110696090414,6.944444444444445,00:59,False,"LINESTRING (2.1427238027854103 41.40345540139873, 2.142272 41.40374400000001, 2.141937 41.40390800000001, 2.141647 41.404022000000005, 2.1406870000000002 41.40434599999999, 2.139453 41.40507499999998, 2.1393620000000007 41.405163, 2.1392520000000004 41.405369, 2.139129 41.40563999999999, 2.1390910000000005 41.405735, 2.139070628144761 41.405800571909054)"
F-L7-EP,F-L7-TB,El Putxet - Av. Tibidabo,L7,FGC,446.6637795311527,6.944444444444445,01:04,False,"LINESTRING (2.139070628144761 41.405800571909054, 2.139059 41.405838, 2.138061 41.407416999999995, 2.137586 41.40821499999999, 2.1368425791341306 41.40945619768005)"
F-L8-PE,F-L8-MG,Espanya - Magòria La Campana,L8,FGC,1124.1906799552123,6.944444444444445,02:41,False,"LINESTRING (2.1484709 41.3745221, 2.144656800000001 41.371623699999994, 2.1389844444210846 41.36734837306142)"
F-L8-MG,F-L8-IC,Magòria La Campana - Ildefons Cerdà,L8,FGC,1043.4438796384416,6.944444444444445,02:30,False,"LINESTRING (2.1389844444210846 41.36734837306142, 2.1372163000000004 41.3660157, 2.1316266 41.361751999999996, 2.1301973111966515 41.36067721768813)"
F-L8-IC,F-L8-EU,Ildefons Cerdà - Europa | Fira,L8,FGC,683.8465459977768,6.944444444444445,01:38,False,"LINESTRING (2.1301973111966515 41.36067721768813, 2.1258652 41.35741959999999, 2.1242687814030163 41.35644516104106)"
F-L8-EU,F-L8-GO,Europa | Fira - Gornal,L8,FGC,782.2983496782979,6.944444444444445,01:52,False,"LINESTRING (2.1242687814030163 41.35644516104106, 2.1195191000000007 41.35354600000001, 2.1192616000000006 41.3534614, 2.1188861 41.353433200000005, 2.1184570000000003 41.3534735, 2.1180975000000006 41.3535862, 2.1178079 41.353759399999994, 2.1175772 41.3540131, 2.1171373 41.3545688, 2.1170820805406287 41.35465093452523)"
F-L8-GO,F-L8-SP,Gornal - Sant Josep,L8,FGC,1058.8295852607848,6.944444444444445,02:32,False,"LINESTRING (2.1170820805406287 41.35465093452523, 2.1162629 41.355869399999996, 2.1134037 41.36021, 2.1128297 41.361055499999985, 2.1126473 41.3611642, 2.1123092999999997 41.3612689, 2.1120304 41.3612729, 2.1117944000000004 41.3612447, 2.10996584871812 41.36056803110844)"
F-L8-SP,F-L8-LH,Sant Josep - Av. Carrilet,L8,FGC,674.7820432205975,6.944444444444445,01:37,False,"LINESTRING (2.10996584871812 41.36056803110844, 2.104091 41.35839399999999, 2.102727958690595 41.357884453652844)"
F-L8-LH,F-L8-AL,Av. Carrilet - Almeda,L8,FGC,1556.4403030188046,6.944444444444445,03:44,False,"LINESTRING (2.102727958690595 41.357884453652844, 2.1026802 41.357866599999994, 2.0965594 41.356090800000004, 2.0878636999999998 41.353566099999995, 2.085232570366439 41.35320449296948)"
F-L12-SR,F-L12-RE,Sarrià - Reina Elisenda,L12,FGC,679.5420164497324,6.944444444444445,01:37,False,"LINESTRING (2.1255740000000003 41.398498999999994, 2.1247839999999996 41.399376, 2.1245290000000003 41.399573999999994, 2.124194 41.39967300000001, 2.124098 41.39971900000002, 2.1239689999999998 41.399704, 2.1238270000000004 41.399727000000006, 2.123027 41.399899000000005, 2.122751 41.39994800000001, 2.1224530000000006 41.400036, 2.121938 41.40000199999999, 2.121480000000001 41.400017, 2.1212440000000004 41.40000899999999, 2.121088 41.39999000000001, 2.1205839999999996 41.399895, 2.1203320000000008 41.39982599999999, 2.120144 41.399741999999996, 2.1189326795449066 41.39874555899856)"
F-S1-PC,F-S1-PR,Catalunya - Diagonal,S1,FGC,1217.8896697156242,6.944444444444445,02:55,False,"LINESTRING (2.168718900086694 41.38561742310187, 2.1678100000000002 41.3857, 2.16759 41.38575, 2.16729 41.38589100000001, 2.1665 41.38658099999999, 2.1656300000000006 41.387131, 2.1642 41.38816100000001, 2.158052267605229 41.39284244094162)"
F-S1-PR,F-S1-GR,Diagonal - Gràcia,S1,FGC,840.6446674227542,6.944444444444445,02:01,False,"LINESTRING (2.158052267605229 41.39284244094162, 2.1561499999999993 41.394290999999996, 2.15584 41.39471100000001, 2.15571 41.395019999999995, 2.15564 41.39537, 2.1553899999999997 41.39587000000001, 2.15473 41.396930999999995, 2.15347 41.398300000000006, 2.1526649331316006 41.399100851858606)"
F-S1-GR,F-S1-SG,Gràcia - Sant Gervasi,S1,FGC,556.7869058147008,6.944444444444445,01:20,False,"LINESTRING (2.1526649331316006 41.399100851858606, 2.15156 41.4002, 2.1512000000000007 41.400471, 2.1507799999999997 41.4007, 2.1501 41.400969999999994, 2.14955 41.40111199999998, 2.14898 41.401192, 2.14772 41.401211, 2.1472 41.401149999999994, 2.1471184304647544 41.40113058645063)"
F-S1-SG,F-S1-MN,Sant Gervasi - Muntaner,S1,FGC,495.1561267813148,6.944444444444445,01:11,False,"LINESTRING (2.1471184304647544 41.40113058645063, 2.1467 41.401031, 2.14615 41.400791000000005, 2.1430500000000006 41.398842, 2.142333959093278 41.398556770445445)"
F-S1-MN,F-S1-BN,Muntaner - La Bonanova,S1,FGC,508.45881719504814,6.944444444444445,01:13,False,"LINESTRING (2.142333959093278 41.398556770445445, 2.14124 41.398120999999996, 2.13993 41.397881, 2.1364337574297405 41.397866706285484)"
F-S1-BN,F-S1-TT,La Bonanova - Les Tres Torres,S1,FGC,470.0109264077042,6.944444444444445,01:07,False,"LINESTRING (2.1364337574297405 41.397866706285484, 2.130811644970723 41.397843721361276)"
F-S1-TT,F-S1-SR,Les Tres Torres - Sarrià,S1,FGC,458.22893664678605,6.944444444444445,01:05,False,"LINESTRING (2.130811644970723 41.397843721361276, 2.1277000000000004 41.397831, 2.12693 41.39793, 2.12635 41.39813999999999, 2.1256943810236795 41.39865231428203)"
F-S1-SR,F-S1-PF,Sarrià - Peu del Funicular,S1,FGC,2155.147214666191,6.944444444444445,05:10,False,"LINESTRING (2.1256943810236795 41.39865231428203, 2.12452 41.39957, 2.12427 41.399840999999995, 2.12413 41.40016200000001, 2.1240600000000005 41.400761, 2.12411 41.40113099999999, 2.1244200000000006 41.401711, 2.12461 41.401931999999995, 2.1247 41.40242, 2.12467 41.402739999999994, 2.1243399999999997 41.40332000000001, 2.1239699999999995 41.40353000000001, 2.12377 41.403721, 2.1233100000000005 41.404239999999994, 2.1230500000000005 41.404621, 2.1226099999999994 41.40588, 2.12255 41.406471, 2.1222899999999996 41.4072, 2.1220900000000005 41.407501, 2.12197 41.407581, 2.1216700000000004 41.40769999999999, 2.12019 41.40749, 2.11908 41.407242, 2.1184 41.40694000000001, 2.1179600000000005 41.406811, 2.1170200000000006 41.406651, 2.1159300000000005 41.40662, 2.115610000000001 41.406651, 2.1151300000000006 41.406651000000004, 2.11423 41.40687199999999, 2.1137399999999995 41.407162, 2.11251 41.40848200000001, 2.11216 41.40871, 2.11187 41.408821, 2.1114399999999995 41.4091, 2.1112444649896966 41.40928328834388)"
F-S1-PF,F-S1-VL,Peu del Funicular - Baixador de Vallvidrera,S1,FGC,1698.8398865063255,6.944444444444445,04:04,False,"LINESTRING (2.1112444649896966 41.40928328834388, 2.1095400000000004 41.410880999999996, 2.1057999999999995 41.41413100000001, 2.1052600000000004 41.414551, 2.1014900000000005 41.417010999999995, 2.0982699999999994 41.419200999999994, 2.0971200000000003 41.419909999999994, 2.0969271773588725 41.42008375703167)"
F-S1-VL,F-S1-LP,Baixador de Vallvidrera - Les Planes,S1,FGC,933.3535796063329,6.944444444444445,02:14,False,"LINESTRING (2.0969271773588725 41.42008375703167, 2.09623 41.42071200000001, 2.09482 41.42219200000001, 2.0942100000000003 41.42291999999999, 2.0930300000000006 41.42473999999999, 2.0921500000000006 41.42627, 2.0917141279946665 41.42743864233314)"
F-S1-LP,F-S1-LF,Les Planes - La Floresta,S1,FGC,2800.046923020424,6.944444444444445,06:43,False,"LINESTRING (2.0917141279946665 41.42743864233314, 2.0914600000000005 41.42811999999999, 2.0913400000000006 41.428371, 2.0908900000000004 41.428920999999995, 2.0894400000000006 41.42945099999999, 2.0876200000000003 41.429241, 2.08707 41.42923, 2.0866999999999996 41.42929099999999, 2.0863499999999995 41.429401, 2.0845600000000006 41.43104199999999, 2.08417 41.43146099999999, 2.0835300000000005 41.43189999999999, 2.08293 41.43215199999999, 2.08095 41.43252199999999, 2.08039 41.432732, 2.07986 41.433102, 2.0797100000000004 41.433361, 2.0749900000000006 41.43944199999999, 2.07285 41.44091, 2.07253 41.441230999999995, 2.0723100000000003 41.44161999999999, 2.0721999999999996 41.442081, 2.0731300000000004 41.44462999999999, 2.0732373128046246 41.44483722472616)"
F-S1-LF,F-S1-VD,La Floresta - Valldoreix,S1,FGC,1688.3636775153575,6.944444444444445,04:03,False,"LINESTRING (2.0732373128046246 41.44483722472616, 2.0734200000000005 41.44519, 2.0743099999999997 41.446251, 2.0746900000000004 41.44662099999999, 2.0750100000000002 41.44717000000001, 2.0753300000000006 41.44827999999999, 2.0751100000000005 41.44948999999999, 2.07463 41.45025999999999, 2.07363 41.45117999999999, 2.07055 41.453411, 2.0698299999999996 41.454021000000004, 2.06895 41.455051, 2.0684800000000005 41.45618100000001, 2.0683 41.45716099999999, 2.0683264078305874 41.45784100163763)"
