poi_name,demand,geometry
la Barceloneta,29,POINT (2.1901739071552897 41.37771476911102)
Sant Antoni,29,POINT (2.1593672862911233 41.37854352944194)
Sarrià,29,POINT (2.116201357112924 41.402670214415444)
Vallcarca i els Penitents,29,POINT (2.1408444084113536 41.416524379798204)
Horta,29,POINT (2.1519554513093855 41.43992072793105)
l'Antiga Esquerra de l'Eixample,29,POINT (2.155198508945008 41.38937801128884)
el Raval,29,POINT (2.170463157709921 41.379030110049435)
el Barri Gòtic,29,POINT (2.1773373767164625 41.38132311242948)
"Sant Pere, Santa Caterina i la Ribera",29,POINT (2.183456141554497 41.3868257078545)
el Fort Pienc,29,POINT (2.1815243174211183 41.39743678412024)
la Sagrada Família,29,POINT (2.176560585574832 41.40548358049594)
la Dreta de l'Eixample,29,POINT (2.1682296711963547 41.3939232031935)
la Nova Esquerra de l'Eixample,29,POINT (2.1489952516702266 41.3830903294914)
el Poble-sec,29,POINT (2.1582370710488044 41.36542022957569)
la Marina de Port,29,POINT (2.1398534646709306 41.36004183598057)
Hostafrancs,29,POINT (2.1442811556306345 41.375336164880075)
la Bordeta,29,POINT (2.13646065516484 41.36909679479204)
Sants - Badal,29,POINT (2.127748498823161 41.37467940211672)
Sants,29,POINT (2.1363754299693603 41.377495614532485)
les Corts,29,POINT (2.134713457853851 41.386955125475694)
la Maternitat i Sant Ramon,29,POINT (2.1174254172225897 41.38122438238919)
Pedralbes,29,POINT (2.110217246948867 41.39106283799666)
les Tres Torres,29,POINT (2.1298695931163563 41.39804236293367)
Sant Gervasi - la Bonanova,29,POINT (2.1302083523766093 41.40983189643328)
Sant Gervasi - Galvany,29,POINT (2.143036357004428 41.39748228234037)
el Putxet i el Farró,29,POINT (2.1439406462243356 41.40692899056514)
el Coll,29,POINT (2.1477620067326106 41.418264074009635)
la Salut,29,POINT (2.1543814891896136 41.41246197325927)
la Vila de Gràcia,29,POINT (2.1569066446342213 41.40314250873118)
el Camp d'en Grassot i Gràcia Nova,29,POINT (2.165038461299502 41.40633393500879)
el Baix Guinardó,29,POINT (2.167876387050366 41.41174382283737)
Can Baró,29,POINT (2.162411931175741 41.416790927422355)
el Clot,29,POINT (2.1900455456580845 41.409836655849276)
el Guinardó,29,POINT (2.173651366658934 41.418850483332974)
la Font d'en Fargues,29,POINT (2.1652668738571985 41.424612659253484)
la Vall d'Hebron,29,POINT (2.1483699702735204 41.43044731933669)
el Carmel,29,POINT (2.155972483818878 41.421777222095216)
el Parc i la Llacuna del Poblenou,29,POINT (2.1902751091016692 41.39864419998694)
Provençals del Poblenou,29,POINT (2.202654839133088 41.41115401014625)
Vilapicina i la Torre Llobeta,29,POINT (2.174117287453915 41.42862184243922)
Porta,29,POINT (2.1788103764925495 41.434897514329634)
el Turó de la Peira,29,POINT (2.1689539630123247 41.43232850199458)
la Guineueta,29,POINT (2.1689363299183624 41.43884062024334)
Canyelles,29,POINT (2.1634756060731593 41.44506329561367)
Sant Martí de Provençals,29,POINT (2.198031583816048 41.416892709410156)
les Roquetes,29,POINT (2.175188271622323 41.448074998935354)
Verdun,29,POINT (2.1756478705395565 41.4427241769237)
la Prosperitat,29,POINT (2.181985039407276 41.442688593966594)
la Trinitat Nova,29,POINT (2.1849153565630046 41.450638244425264)
la Trinitat Vella,29,POINT (2.1929157466372953 41.45169160970972)
Torre Baró,29,POINT (2.174090230628852 41.45481268593751)
el Bon Pastor,29,POINT (2.201907068167881 41.436997188870976)
Sant Andreu,29,POINT (2.190257931726503 41.43696892205393)
la Sagrera,29,POINT (2.190266430226865 41.42329439953982)
el Congrés i els Indians,29,POINT (2.1808609826871534 41.42460943347611)
Navas,29,POINT (2.1859736105968346 41.41803098928931)
el Camp de l'Arpa del Clot,29,POINT (2.1824862445806654 41.412041327012)
la Vila Olímpica del Poblenou,29,POINT (2.196654730158683 41.39076341414811)
el Poblenou,29,POINT (2.2024197512784927 41.40001753747579)
la Verneda i la Pau,29,POINT (2.2030857640267882 41.42397804042185)
Diagonal Mar i el Front Marítim del Poblenou,29,POINT (2.212971240447834 41.40530723451781)
el Besòs i el Maresme,29,POINT (2.2168121698970693 41.4133497261958)
