geometry,stop_id
"POLYGON ((2.105526566717278 41.34531208768792, 2.10631957534667 41.346091387363685, 2.1067476434923136 41.34598306910857, 2.1067704377458996 41.344411369003936, 2.1066525339718236 41.344254090990646, 2.1048720366745837 41.34346539287166, 2.1045339709971516 41.343696385880314, 2.105526566717278 41.34531208768792))",111
"POLYGON ((2.1097830084837805 41.35085201162504, 2.109773322519077 41.352239352483494, 2.1101233738332428 41.35239986772859, 2.111833704012482 41.35172448713007, 2.113585484677991 41.35209195166761, 2.1138886209560255 41.351914405110264, 2.1138537166181646 41.35072870513869, 2.1137372144591704 41.35057800179616, 2.1102194981271714 41.349009226982375, 2.1099620008954623 41.349016700451, 2.1082969029112864 41.34988929851766, 2.1083111410200663 41.35019201231613, 2.1097830084837805 41.35085201162504))",112
"POLYGON ((2.102362388582453 41.35847197666908, 2.101189949707119 41.35909866956253, 2.101183464756474 41.359388939212636, 2.1025787659813346 41.36018924096211, 2.1028487616276013 41.36019939803831, 2.1046490643310434 41.3593660961287, 2.1047630061006375 41.35921253981246, 2.104728364834784 41.35600006897035, 2.104399943783608 41.355835803828356, 2.1024449480263456 41.35642930236962, 2.1008284575130243 41.357486183682035, 2.1008608672003692 41.35777487017959, 2.102362388582453 41.35847197666908))",113
"POLYGON ((2.09896979997597 41.36297712877342, 2.0971677327900875 41.3636210283757, 2.0971420593586156 41.36393589960597, 2.0990213618974938 41.36483450170174, 2.0992771360153264 41.36483474111644, 2.101003290142408 41.36401389596892, 2.1028293682001835 41.36327059440103, 2.102839162159409 41.36295782025224, 2.1009733648933735 41.36211032225998, 2.1007188683812803 41.36211390634696, 2.09896979997597 41.36297712877342))",114
"POLYGON ((2.102535036132382 41.36761927199983, 2.102376872864831 41.369151079916946, 2.1027005710109545 41.36933126568146, 2.1046134217824766 41.368778951620804, 2.106320024245633 41.36796764977335, 2.1063141645443615 41.367660252468106, 2.1046713505431427 41.366928053921214, 2.10470299768042 41.36545401358143, 2.104256540826423 41.365361375115704, 2.102535036132382 41.36761927199983))",115
"POLYGON ((2.109789081069843 41.36758986714781, 2.1081486593133336 41.36685960617907, 2.1078183831142696 41.367102761945425, 2.109564377857983 41.36945006502383, 2.1098892323425638 41.369519440043554, 2.111697035417471 41.36876203826802, 2.113207946310602 41.36781194617126, 2.1131982421510305 41.367530040435184, 2.1117767434407164 41.36672284220691, 2.111498694460647 41.36671754409883, 2.109789081069843 41.36758986714781))",116
"POLYGON ((2.1172104051057623 41.36792050814325, 2.117020642441663 41.36648114433058, 2.116575892372042 41.36640865056799, 2.1149581880668205 41.368507747649396, 2.1150372460143423 41.36875048904797, 2.1168097484284156 41.36959429101844, 2.117176610684062 41.36944500826811, 2.1172104051057623 41.36792050814325))",117
"POLYGON ((2.1258222615915514 41.367203621669184, 2.1256992650431297 41.36736040858739, 2.125692260010525 41.36873480852353, 2.1260382097740123 41.36889668324823, 2.1277220317439247 41.36826345757919, 2.129394629827506 41.36895274780942, 2.1297199164298113 41.368709233158114, 2.1281078111732388 41.36645573602373, 2.1277811582574686 41.36638372359203, 2.1258222615915514 41.367203621669184))",118
"POLYGON ((2.132807817763748 41.372001659174686, 2.1327977434775582 41.37349251134443, 2.1331566383210485 41.37364934585713, 2.134965541260888 41.372861244023916, 2.1350551251769105 41.37261817122178, 2.13337431996887 41.370326774195334, 2.1329262235802697 41.3704038594744, 2.132807817763748 41.372001659174686))",119
"POLYGON ((2.1345648293603845 41.37592936141604, 2.1345636269026813 41.37722177397452, 2.1349033026527073 41.377385373412025, 2.1366587061583395 41.37677307192953, 2.1367973049897566 41.37661383198105, 2.136932734603873 41.37356091609843, 2.1365799442751507 41.37339467393109, 2.1346672274969727 41.374174612391336, 2.1327301749069 41.37490134356513, 2.132728052253793 41.375223050254256, 2.1345648293603845 41.37592936141604))",120
"POLYGON ((2.141885048266814 41.37437260163702, 2.14008374035423 41.37507427986104, 2.1400889215761407 41.37539627887211, 2.1436722313914123 41.37676408866863, 2.1439296655583475 41.376747410431875, 2.145527267046515 41.37582030844166, 2.1457968718111857 41.37436025800373, 2.145653282868109 41.37417677096731, 2.1438948864549867 41.3736078724284, 2.1436839140511723 41.37361610426346, 2.141885048266814 41.37437260163702))",121
"POLYGON ((2.1472516104072046 41.375007655317916, 2.147127246813163 41.3751638305917, 2.1471059411509565 41.37671003049364, 2.147468618790527 41.3768661668882, 2.149132309738746 41.376110385326974, 2.150832252054783 41.37685265745556, 2.1510663084056203 41.37685512558755, 2.152854711524247 41.3761238238631, 2.152860633641105 41.37580968061098, 2.1492883244944836 41.37426561351372, 2.1490555072867 41.374264257067985, 2.1472516104072046 41.375007655317916))",122
"POLYGON ((2.154465834979367 41.37808589834335, 2.152845006505345 41.377363461902846, 2.1524845617222974 41.377506439511215, 2.1523161548541814 41.37939683910036, 2.1524670465983577 41.37957648784526, 2.1544224257380855 41.380157320501176, 2.1561444918937878 41.38085343514125, 2.1564966915438477 41.38068962063649, 2.1563993517287985 41.37722214592165, 2.156004126026941 41.37708809220535, 2.154465834979367 41.37808589834335))",123
"POLYGON ((2.15746043665286 41.383042985618765, 2.157693482377801 41.384433658395444, 2.1579126926285217 41.38459073381691, 2.1615761026346196 41.38480013448139, 2.161722007777588 41.38446822071682, 2.1599381301607283 41.38361896058037, 2.159795453276763 41.38265907499377, 2.16178020498424 41.38165462854187, 2.161735931449919 41.381337924233875, 2.159943935253357 41.38079592564275, 2.158064445714461 41.381285407643965, 2.1563787777721077 41.38053937999872, 2.1560184288642743 41.38069264935436, 2.155994723120219 41.38226084925116, 2.156108526736564 41.382416320856436, 2.15746043665286 41.383042985618765))",124
"POLYGON ((2.1614795019215465 41.384462410619335, 2.1613550113937317 41.38461865106915, 2.1613337056668436 41.38618175097142, 2.1616880646396486 41.38634149808192, 2.1634120298425854 41.38562830475393, 2.1650498057967926 41.38640484330124, 2.166860909169312 41.38706954496427, 2.1672049033171654 41.38690892492733, 2.1672171987024416 41.385649624858885, 2.167119424635759 41.385503007469865, 2.1653089264267553 41.38450340968765, 2.1635045496374086 41.38372663105719, 2.1632712988179974 41.38372501235676, 2.1614795019215465 41.384462410619335))",125
"POLYGON ((2.1685210663915213 41.3877026875448, 2.168435964247208 41.38934015452343, 2.1688190297070356 41.3894910384876, 2.1706627080015792 41.38844401425067, 2.172388165930043 41.387998617460426, 2.1725497030993735 41.38783366893096, 2.1726113975032924 41.38630376875212, 2.172262091449727 41.38613840809395, 2.17053593890568 41.38681321446056, 2.1688458556283394 41.38614604096945, 2.1686363022175006 41.38614143042157, 2.1668672058092904 41.386743428957274, 2.1668576312015193 41.387068318479315, 2.1685210663915213 41.3877026875448))",126
"POLYGON ((2.172206100555676 41.389063209812264, 2.172032022770629 41.3907184770347, 2.1723593838944493 41.39089995439872, 2.174191092407447 41.39034630592593, 2.1760114954889627 41.38958110412998, 2.176134047937949 41.38942820066222, 2.1761876418912935 41.38777630049608, 2.1758317323674934 41.3876146696187, 2.1739720753513265 41.38839793591994, 2.172437403230399 41.38767544193635, 2.1720721994063164 41.38784303790987, 2.172206100555676 41.389063209812264))",127
"POLYGON ((2.1792090760105207 41.3925155184771, 2.1791811846080353 41.39409440394173, 2.179538074140854 41.39425365151096, 2.1831390443041303 41.392727559716285, 2.18326132145906 41.39257201673455, 2.1832799157394356 41.39101151664386, 2.182909172030661 41.39085942138648, 2.1811791985641866 41.391716915047496, 2.17959966903554 41.39083319238126, 2.1792177770469277 41.390977033036314, 2.1792090760105207 41.3925155184771))",128
"POLYGON ((2.184746051975471 41.393185391189355, 2.184618393395151 41.39333892223795, 2.184547987454288 41.39496292203884, 2.1846753155515315 41.395128076342715, 2.186562018812264 41.395878878185485, 2.1867499439421967 41.39589038326419, 2.1885797482313 41.39542778210557, 2.188656678860959 41.3951185542192, 2.187159525429181 41.394179878295425, 2.18851986823098 41.39353913301329, 2.188521043979903 41.393234224519354, 2.186868946226997 41.392445926358285, 2.186629448590563 41.39243869296274, 2.184746051975471 41.393185391189355))",129
"POLYGON ((2.1863376670068497 41.40351582514854, 2.1867035492285156 41.40366544496136, 2.1883804516880634 41.40287774315807, 2.188371678508821 41.40256812897545, 2.1866586812500195 41.40183793073629, 2.1863015725750508 41.40199792512512, 2.1863376670068497 41.40351582514854))",130
"POLYGON ((2.1861523346824434 41.41141180741882, 2.186429535732501 41.412892639175205, 2.1868002664391843 41.41301687787013, 2.1882870109797343 41.41226235487539, 2.1901688707983897 41.41143968813451, 2.1902878807371025 41.41127821394951, 2.1902248752288465 41.40977621402904, 2.1900967306594277 41.40962231538707, 2.188367562155452 41.40894043239538, 2.1865466634169435 41.408049831319325, 2.1863147464525805 41.408037777923475, 2.184574949898222 41.40865167643609, 2.1844372979536546 41.40880989619025, 2.1843773918868594 41.41046599601157, 2.1844890881877257 41.41062334406937, 2.1861523346824434 41.41141180741882))",131
"POLYGON ((2.186177195873512 41.41570093232168, 2.1860270895386775 41.4158693974338, 2.186042883476705 41.417520497411, 2.186174951148113 41.41768024840099, 2.1880348545327615 41.418382050146676, 2.18838136902575 41.41821709119943, 2.1883378634871904 41.41670819123851, 2.1880870576618485 41.41536397696496, 2.1877608924283796 41.415222033504826, 2.186177195873512 41.41570093232168))",132
"POLYGON ((2.1860447680481134 41.42073646198036, 2.1864426170800697 41.422250965388905, 2.186818069012359 41.422361296315785, 2.1882539544965294 41.42155817638162, 2.190012050320604 41.41938747325498, 2.1897345352894506 41.41912217415946, 2.1880026338056893 41.41954073521182, 2.186393380349976 41.41898714998848, 2.1860545738717234 41.41915016205364, 2.1860447680481134 41.42073646198036))",133
"POLYGON ((2.1824342404987798 41.42985643550269, 2.182308780471207 41.43001125667982, 2.1822663746819164 41.431588856539534, 2.1826148671787955 41.43175282499359, 2.1845815708074765 41.43099432318083, 2.1862704189918256 41.43020626987563, 2.186383516122163 41.43005697810443, 2.1864266104485237 41.42851067796405, 2.186311158222556 41.42835274312125, 2.1845072608668987 41.42753174506632, 2.184144252180803 41.427693483901045, 2.184224548898387 41.42912779445508, 2.1824342404987798 41.42985643550269))",134
"POLYGON ((2.1895557564323127 41.43614490340711, 2.1894274423952007 41.43630145368371, 2.18939593724841 41.43770315357218, 2.189512590436055 41.43786088410983, 2.191303293111899 41.438665286023316, 2.191664731732919 41.43849714898774, 2.1915343141421175 41.43718642484697, 2.19335769660002 41.43648637081168, 2.193368064850211 41.43616965546707, 2.1916332675828794 41.435420357269166, 2.1914030530904385 41.43541700514051, 2.1895557564323127 41.43614490340711))",135
"POLYGON ((2.1915828909733834 41.443599301230584, 2.189734288441671 41.44238956570452, 2.1893406195422074 41.44251497199948, 2.189202113864671 41.4440723716635, 2.189337119819874 41.44424670946197, 2.191801124465588 41.44513951170476, 2.192133509866625 41.44492342911196, 2.1915828909733834 41.443599301230584))",136
"POLYGON ((2.1930859930671933 41.44859355026602, 2.191425968052285 41.44787846171816, 2.191067573228602 41.44803330556197, 2.1910501674267997 41.449611605473656, 2.1911570749252665 41.44976314019159, 2.1929861772115484 41.450677642296455, 2.1932566602793453 41.45067484187688, 2.194923563783768 41.449790740579935, 2.195880340616969 41.45009438725307, 2.196196892824184 41.44986375090955, 2.1951930870165923 41.44789935278621, 2.1948476339789273 41.44780897493063, 2.1930859930671933 41.44859355026602))",137
"POLYGON ((2.2005317478770516 41.44876082259209, 2.200151650820633 41.44862231658479, 2.200130069584756 41.44890035786166, 2.2005317478770516 41.44876082259209))",138
"POLYGON ((2.207265465335464 41.45007003299809, 2.2054227416493646 41.45135633549999, 2.2054955913885426 41.451655337724816, 2.207358095332491 41.452223739201195, 2.207581444951369 41.45220643137732, 2.209352747256364 41.451312929366864, 2.2094576321670756 41.45114517552202, 2.209224925882114 41.44941377594309, 2.209075985650523 41.44926474342924, 2.2076644886544194 41.448837944539434, 2.2073360531770607 41.44899620150696, 2.207265465335464 41.45007003299809))",139
"POLYGON ((2.2185872259652983 41.45032956144194, 2.2164780732890907 41.449755109651626, 2.2162026231760747 41.45002958472382, 2.218090820187462 41.45201338785822, 2.2195167594642764 41.45294785803046, 2.2199105676449995 41.45283643304663, 2.22020086205788 41.451267132405924, 2.22009722411653 41.451092759692244, 2.2185872259652983 41.45032956144194))",140
"POLYGON ((2.1669957432030373 41.37444957954128, 2.166880684349875 41.374599952096354, 2.1668454795590684 41.37590915197915, 2.166945343946902 41.37605926500533, 2.1686892457832747 41.376999967109924, 2.1689369262626106 41.3770140758074, 2.1707492296233575 41.376319774149685, 2.1707894537949626 41.376018072567604, 2.1693511073561162 41.375158468373684, 2.1708130555810676 41.37468627104538, 2.1708298877156316 41.37436116117902, 2.168996890904313 41.37363696295904, 2.1687617405077364 41.37364248139923, 2.1669957432030373 41.37444957954128))",210
"POLYGON ((2.161420897318258 41.379953089029016, 2.161407615184269 41.38150393815804, 2.1615286514812007 41.38166173922647, 2.163314754323509 41.38242594106715, 2.1636720926444406 41.3822693704661, 2.163672840334278 41.38082404696632, 2.1652024972502613 41.37996385370934, 2.1651619057991227 41.379656731594615, 2.1634586693513578 41.379048207781594, 2.1617484364647406 41.3780817961059, 2.161365791602057 41.37823023902442, 2.161420897318258 41.379953089029016))",211
"POLYGON ((2.1651912291039164 41.38898792006599, 2.1650573384278844 41.3891399705407, 2.1649451327919556 41.390686270257454, 2.1650144738943906 41.390823207074824, 2.166619173788959 41.392036909412376, 2.166874068472094 41.39207808996309, 2.168949673095104 41.391480988483075, 2.169010359920971 41.39117002495471, 2.1673367966501864 41.39019841185014, 2.1688029594392506 41.38949941167322, 2.168799482607863 41.38919336203057, 2.1670575851273193 41.388393963918084, 2.166828125962259 41.388385921513645, 2.1651912291039164 41.38898792006599))",213
"POLYGON ((2.173388389402518 41.39470645975189, 2.1737445231789785 41.396386673985, 2.17410509126778 41.39651079432836, 2.175809929006511 41.39572767213583, 2.1775311497461405 41.396626630280174, 2.177906732338084 41.3964767292976, 2.1778712284610133 41.39331681379432, 2.177494217045207 41.39317072744401, 2.1758278528173953 41.39405474543691, 2.1741129759123647 41.39326710124651, 2.1737541939190246 41.393384160530246, 2.173388389402518 41.39470645975189))",214
"POLYGON ((2.1790978156735408 41.400071728626216, 2.1773400024165666 41.39950126244898, 2.1770087571258805 41.39969375798801, 2.1772983520215257 41.40112905852977, 2.1774196482684314 41.401259873004854, 2.179169051166508 41.40198387476479, 2.1793840477695356 41.40198974909318, 2.1812213514634773 41.40135524755168, 2.181360660974018 41.401184105180725, 2.181270254905647 41.399527205310754, 2.1811553415245655 41.399380596837815, 2.179469243979673 41.398609998659765, 2.179105848884589 41.39876316755711, 2.1790978156735408 41.400071728626216))",215
"POLYGON ((2.1720709052150826 41.403296592500936, 2.171954243049884 41.403486362079335, 2.1723667352924383 41.40494946849541, 2.173722335587951 41.40590097039961, 2.1739931967787216 41.405930071549435, 2.1757251987048014 41.40527279983421, 2.1773090537120576 41.40579996856212, 2.1776450753575856 41.405634231075815, 2.1776334142716633 41.40400231806555, 2.1777444722149015 41.402705491875864, 2.177387688428991 41.40253718607587, 2.1757205887933497 41.403248841356756, 2.174171368698973 41.402505667509935, 2.1739243021504224 41.40250109436049, 2.1720709052150826 41.403296592500936))",216
"POLYGON ((2.1829195280585187 41.406377146135895, 2.1811726326751315 41.40569764893996, 2.1808237426681663 41.40584993448639, 2.180727936557823 41.407521634233355, 2.1808675331312615 41.407693248808435, 2.184575871078039 41.408978246887024, 2.18491571120236 41.40881944451782, 2.184972205160073 41.40717014434639, 2.1848281873795226 41.407000216752, 2.1829195280585187 41.406377146135895))",217
"POLYGON ((2.194916653344709 41.41520103573021, 2.193277777676478 41.41584119408336, 2.193270791616273 41.41615816559294, 2.1951806947038657 41.416965767545264, 2.195410657704228 41.416967601759836, 2.1972044608848833 41.41624630004962, 2.197331007491358 41.41608907546364, 2.197350301759866 41.41452717537236, 2.1972374746482055 41.414372563215586, 2.1954591771407954 41.41353916517156, 2.1934218603662345 41.41315276379522, 2.193149547218193 41.413406573366686, 2.193769535237971 41.41434212644505, 2.194916653344709 41.41520103573021))",219
"POLYGON ((2.198700891818816 41.41820971669545, 2.198586874655381 41.418363693823366, 2.198592768709312 41.4199830937821, 2.19894810728967 41.42014017308462, 2.200624917674551 41.41944070464678, 2.2022626588064433 41.420240340324646, 2.2026322313659 41.420089802934925, 2.202639125670698 41.418538502869815, 2.202554540185241 41.41840047028041, 2.2008937411007405 41.41734087249797, 2.2006136889502486 41.417324818730314, 2.198700891818816 41.41820971669545))",220
"POLYGON ((2.2040832539754933 41.42223887427416, 2.2039635595040283 41.422394456171254, 2.2039587541163836 41.42386165611331, 2.2043093897852777 41.424021591899, 2.2057329584094063 41.423458833507404, 2.205722155322895 41.42470532506997, 2.2058612011556082 41.424870070470114, 2.2072724039045237 41.42536027171138, 2.207605586014992 41.42523828982492, 2.2080179463138756 41.42390950178162, 2.2080225406162683 41.42235790172157, 2.2078993509344405 41.42219998503933, 2.2061180538566068 41.42145578684403, 2.205882251044956 41.421457276098494, 2.2040832539754933 41.42223887427416))",221
"POLYGON ((2.2073250082279707 41.42977224529522, 2.2075163428064486 41.431627243009025, 2.20781925507406 41.43178683895735, 2.2092640483345125 41.43148383882389, 2.211112190391138 41.43191323487734, 2.211420926856809 41.4317594788519, 2.211591741654884 41.43049366888836, 2.211554835163438 41.42872656890695, 2.2112013570331084 41.42857105112346, 2.209410711703901 41.4293021616733, 2.207438855760462 41.42894806878502, 2.207149350405874 41.42916140732479, 2.2073250082279707 41.42977224529522))",222
"POLYGON ((2.218381928076888 41.43313462446526, 2.2168380301561776 41.432627682035005, 2.2165033428237857 41.43278209973961, 2.216401338115364 41.434072199488746, 2.216524790025718 41.43424069042543, 2.2183222930021835 41.43498589223654, 2.2185410462075414 41.43499063409924, 2.2203158496725646 41.43435213255411, 2.2204519651960917 41.43419192185412, 2.2204784595148346 41.432644821749996, 2.2201327334802228 41.43248111073007, 2.218381928076888 41.43313462446526))",223
"POLYGON ((2.226999436499689 41.43614094314465, 2.2271034891174786 41.43736787416085, 2.2274601115750867 41.43751326898594, 2.2291304867555723 41.43680345793618, 2.230729989147944 41.437656389026834, 2.231107797034533 41.43750900405553, 2.2311019897324242 41.43552200400461, 2.2309361323405654 41.43535095823153, 2.229235024105879 41.43493774829436, 2.2275118686133024 41.434052513007984, 2.227256154562157 41.434045744895286, 2.2254599574451728 41.43483534305569, 2.225425115756276 41.43512781453108, 2.226999436499689 41.43614094314465))",224
"POLYGON ((2.234227571197795 41.440193917149365, 2.232827874884801 41.439568218351035, 2.232466259929057 41.43971887908788, 2.23242035451944 41.44119267894695, 2.2325386453824 41.441352324768395, 2.234382448212239 41.44216542671163, 2.2346247825653447 41.442165324816635, 2.236447585469618 41.44135942294078, 2.236565707299455 41.44120305041597, 2.236554802123531 41.43979495039419, 2.2364318851114997 41.4396386115304, 2.2349319875655436 41.439010013053505, 2.2345832485830255 41.439123693949774, 2.234227571197795 41.440193917149365))",225
"POLYGON ((2.2375381374201004 41.443807099929764, 2.236162854785956 41.44423258289326, 2.236121969292263 41.44454953260796, 2.2378800715202725 41.445423034621165, 2.2396881686138217 41.44612094924256, 2.2400362330218413 41.44597218938812, 2.240185226677309 41.444233089028096, 2.2400053824954362 41.44268219895965, 2.2398663414345843 41.442534223486795, 2.2381715447656756 41.44195192496414, 2.236294880022727 41.44243893658141, 2.236205824272933 41.442729719288955, 2.2375381374201004 41.443807099929764))",226
"POLYGON ((2.24360278206484 41.447584491591485, 2.2434202223484716 41.44758169713557, 2.241496926601127 41.448144395736705, 2.241472839389961 41.44847197783454, 2.243285414287653 41.44918434158064, 2.2450206636895658 41.45009059220468, 2.245262140155408 41.45010452776043, 2.247118443724553 41.449423526115666, 2.247150926598541 41.44911407584112, 2.245339028622359 41.44815857799904, 2.24360278206484 41.447584491591485))",227
"POLYGON ((2.109554831822407 41.38332054705586, 2.1093384659298877 41.38350979646165, 2.1094620597478677 41.385201696653596, 2.109842424039705 41.38533703535664, 2.1113841239885116 41.38448490492977, 2.1130572438927766 41.38515077895679, 2.113321430415901 41.385130333815304, 2.11472693142677 41.38425503198361, 2.11478974993286 41.384037631298085, 2.113506444816242 41.382043333621766, 2.1130595238075793 41.38207710020246, 2.1127121327704352 41.38309614704164, 2.109554831822407 41.38332054705586))",314
"POLYGON ((2.116562258577544 41.38515647403213, 2.1163674598356232 41.38647635732621, 2.116702720951415 41.38665243284067, 2.1185067953025793 41.38605324058633, 2.120183912234283 41.386802063709595, 2.12054502925427 41.38665169835126, 2.1206089223574685 41.38476699815176, 2.1204465907908796 41.384591785888304, 2.118593895034608 41.384118787153334, 2.1183746566883253 41.384144676232715, 2.116562258577544 41.38515647403213))",315
"POLYGON ((2.1256680122739087 41.38733008450848, 2.124016679142549 41.386550274545186, 2.1236503997847405 41.38670149336642, 2.1236345941994608 41.388225593278946, 2.12487502019157 41.389093193439884, 2.1275220258505207 41.389882595499614, 2.12784834617916 41.38969887252479, 2.1276862780172014 41.388349438132586, 2.127719479967122 41.38670604086231, 2.127355115455126 41.38654978896157, 2.1256680122739087 41.38733008450848))",316
"POLYGON ((2.1289957204307295 41.384322404951796, 2.129057202729007 41.38587279732452, 2.129379182201379 41.386036390275216, 2.130922535541283 41.38560704548952, 2.1327295852098613 41.38600616970019, 2.133035736626571 41.38584328955716, 2.133148431058831 41.384314989271566, 2.1330754379725008 41.382770105888405, 2.132954591691341 41.38261997928897, 2.131249994400164 41.3818902810473, 2.130892612025973 41.382046039370486, 2.130884348536347 41.38334836942161, 2.1293534822285127 41.38284138929328, 2.1290180252599114 41.383004005044896, 2.1289957204307295 41.384322404951796))",317
"POLYGON ((2.13441117589367 41.382498481416285, 2.134412402786554 41.38380492764509, 2.1347644050841734 41.38396365885188, 2.136573508288809 41.38323495712867, 2.136698758188956 41.383093640653584, 2.1369134057643175 41.38144111705147, 2.1385705351767563 41.38030206557005, 2.138455222372132 41.37999220122623, 2.13658491630518 41.379745830462355, 2.134626620582005 41.380333129014424, 2.1328632677008796 41.38093921946681, 2.1327901317977456 41.381227921407145, 2.13441117589367 41.382498481416285))",318
"POLYGON ((2.139909607700586 41.381366343875946, 2.139659932666726 41.382601280660964, 2.1399681004854085 41.38280026606777, 2.1419151741940183 41.382339474589564, 2.142018618120839 41.38366020883515, 2.1423921498215224 41.38379844452114, 2.1438152516147446 41.38306764288994, 2.1439196702208694 41.38292135928246, 2.143961278956272 41.379818746738835, 2.143845222864758 41.37966325132125, 2.142058825502771 41.378855353237334, 2.1418033068401363 41.37885976542902, 2.1399431093000065 41.379790963335786, 2.1398364967457364 41.379947989040154, 2.139909607700586 41.381366343875946))",319
"POLYGON ((2.1435829204474026 41.378111285504836, 2.143498729648195 41.37824713360163, 2.1434829239000224 41.37981633351383, 2.1438268995227925 41.3799796371188, 2.1455817084505826 41.3793350099137, 2.1474816116299986 41.37852780802509, 2.1476032689144455 41.37836934577379, 2.147584262835428 41.376710345754624, 2.1472665187980664 41.37654175046289, 2.14522082353212 41.37707774912652, 2.1435829204474026 41.378111285504836))",320
"POLYGON ((2.1600360718687313 41.374310173469404, 2.1598223617610395 41.37431008558624, 2.1580209651587037 41.374986783965625, 2.157996906212297 41.375298825239405, 2.159780008506656 41.376176127265744, 2.1614857106470216 41.37670810509053, 2.161815212865709 41.376554861785685, 2.161953207797379 41.375157261455, 2.16182166861907 41.37498277179691, 2.1600360718687313 41.374310173469404))",322
"POLYGON ((2.17399010345379 41.376079295870596, 2.17234575246514 41.37668743966991, 2.1723260378849365 41.37700256817415, 2.1741100404302465 41.37782867011862, 2.1743497690105382 41.377833379200354, 2.1779641262127325 41.376321616018345, 2.177931681595966 41.37599649027067, 2.176039998850995 41.37550089730622, 2.17399010345379 41.376079295870596))",324
"POLYGON ((2.1705386128342763 41.38057430902995, 2.170385865327924 41.38073852114428, 2.170339859283333 41.38238992099339, 2.170445708469368 41.38254328709348, 2.172210110624906 41.38343508913508, 2.172481416013899 41.38343263772393, 2.174296387575192 41.38246691780118, 2.176088396338544 41.38173275276493, 2.176094160494046 41.381418687293994, 2.174438167250463 41.38069482603616, 2.174514216144545 41.37915569991563, 2.17412725654591 41.379007445643225, 2.172400805372023 41.38003105542526, 2.1705386128342763 41.38057430902995))",325
"POLYGON ((2.157608336687787 41.395515957364935, 2.1575342128808606 41.397043622560496, 2.1576443314438407 41.39720193469209, 2.1595538339948823 41.3981221368332, 2.1598144246857203 41.39812083686641, 2.1634250790512612 41.396344046816246, 2.163533629389882 41.39620470644833, 2.163672723588774 41.39460990610842, 2.1634653539082005 41.39441950328327, 2.1616149512021328 41.39424986754235, 2.1595892964227956 41.39467511676476, 2.1580893747233216 41.39370503774927, 2.1576944428331144 41.39383475759998, 2.157608336687787 41.395515957364935))",328
"POLYGON ((2.1521304813323163 41.40266573148976, 2.1521041489673562 41.40414588738038, 2.1524714875675595 41.40430046352275, 2.1543105902034 41.40342286152262, 2.154421748641191 41.40327307027142, 2.1545141558571794 41.400013847872685, 2.1541259339052736 41.399867687961525, 2.1523630059748005 41.400924972439135, 2.1505887863595365 41.401390377968205, 2.150518662363138 41.401701551033355, 2.1521304813323163 41.40266573148976))",329
"POLYGON ((2.1485133142351516 41.405794482798754, 2.148493333267471 41.40713052250053, 2.148842131737772 41.40728502908184, 2.1503605887258446 41.406695749025175, 2.152043007773486 41.406921554096556, 2.1523205782520005 41.40677577417332, 2.152594373439667 41.40560080806366, 2.1525826681059703 41.40414720803703, 2.152265647884201 41.40397792671072, 2.150182914159532 41.404536085227875, 2.1485133142351516 41.405794482798754))",330
"POLYGON ((2.1431436412102576 41.41238308271127, 2.1413646002924085 41.41321752457584, 2.141609875711548 41.41352683645864, 2.1452096965580436 41.41197912936424, 2.146919090954131 41.41127799255298, 2.1466921348918295 41.41096078608164, 2.1431436412102576 41.41238308271127))",331
"POLYGON ((2.1393849977389827 41.41870651344046, 2.139703807744737 41.41896260728491, 2.1415361107232296 41.41816410542464, 2.141654856889958 41.41802163165871, 2.141796051724465 41.41660003131929, 2.141358501363951 41.41648641685021, 2.1393849977389827 41.41870651344046))",332
"POLYGON ((2.143159001399674 41.42325732717938, 2.1414896357256987 41.42252930196985, 2.1411303961370765 41.42268206335684, 2.1410939903641175 41.424255463226395, 2.141207277147044 41.424411754945815, 2.14282708030037 41.42516662362083, 2.1447904834674136 41.42599762563165, 2.145147133110284 41.42584285579971, 2.145171627705587 41.424370455697535, 2.1450654990604967 41.42421852497356, 2.143159001399674 41.42325732717938))",333
"POLYGON ((2.1448398758819893 41.43037126289146, 2.1431913555724074 41.42957442230917, 2.1428593457780276 41.42982187251711, 2.144741841425732 41.432075675755534, 2.145138369274445 41.43208546982043, 2.146818966899333 41.43033906699634, 2.1465691220163152 41.430058246368716, 2.1448398758819893 41.43037126289146))",334
"POLYGON ((2.1481243914201245 41.43508482777251, 2.1464520421337205 41.43586011862896, 2.1465236859750916 41.4361890206574, 2.149568493692568 41.436718622142365, 2.149857040957467 41.43657881042798, 2.1504159338116318 41.43449910923243, 2.150305352545705 41.434309327725444, 2.1485176551563203 41.43349412965712, 2.148154248489798 41.43364538859534, 2.1481243914201245 41.43508482777251))",335
"POLYGON ((2.155280468931313 41.438562720076206, 2.155683642536844 41.43868540801204, 2.1573921430132526 41.437475805606766, 2.157326622632195 41.43718041441942, 2.1555030262390145 41.43656071599831, 2.155165375639464 41.43673341990301, 2.155280468931313 41.438562720076206))",336
"POLYGON ((2.1662386632039494 41.44145715523448, 2.1645985588324677 41.440639236552535, 2.1642270178568688 41.440795228544616, 2.1642983117696883 41.4424525286344, 2.164544653557267 41.44262677089465, 2.1680456632354534 41.44254907077247, 2.1682780104207655 41.442369899841346, 2.168288204774969 41.44083369976779, 2.167923596359594 41.44067924992913, 2.1662386632039494 41.44145715523448))",337
"POLYGON ((2.1751685086277965 41.446993952016555, 2.1750453634109057 41.44712180108112, 2.1746750578550427 41.44871150027891, 2.175020753591413 41.44890266976932, 2.176923647938247 41.44816338000784, 2.1785349193095507 41.44900716126946, 2.178910980461762 41.44886582645695, 2.1789935741763586 41.44715152622928, 2.1788846210085193 41.44699387378017, 2.1773264230449354 41.446233175544926, 2.1770834052228962 41.44622535384067, 2.1751685086277965 41.446993952016555))",338
"POLYGON ((2.182437382255457 41.44860306412716, 2.180668061128541 41.44775116218399, 2.1802996409308153 41.447907411891265, 2.1803465357537557 41.44931581194031, 2.180448432347517 41.44945880074164, 2.1822183438828247 41.450387624493075, 2.1843982483876356 41.45108112628214, 2.1846169853149475 41.451068629178955, 2.18601018740373 41.45042362769475, 2.18599479685802 41.45011022369471, 2.1842135246187726 41.44941627900771, 2.182437382255457 41.44860306412716))",339
"POLYGON ((2.2094446532236915 41.41837433736743, 2.2093096069876643 41.418539546511255, 2.2093449012201307 41.420110446532775, 2.2094502148712905 41.42025667482066, 2.2110192167673355 41.421054576644686, 2.2112618584018695 41.42106581489395, 2.213315062205669 41.420278313009554, 2.213326644539608 41.41996203668504, 2.211632686678168 41.419221095828576, 2.2116138116319592 41.41786960645319, 2.2112702496940617 41.41770933897229, 2.2094446532236915 41.41837433736743))",414
"POLYGON ((2.2164089294548863 41.41538018571028, 2.214924429569997 41.41608811555452, 2.214932998129588 41.41639638400116, 2.2166952008906216 41.417160885835735, 2.216926158933838 41.417164220861395, 2.2187740622564776 41.4164321191199, 2.218901892796792 41.416270023179045, 2.218870586975797 41.41468432319247, 2.2187555204979033 41.41453301905915, 2.2152014615555804 41.41291231123577, 2.214838532835333 41.41306033528764, 2.2147715274420494 41.414533435102406, 2.214887709944141 41.414694139549916, 2.2164089294548863 41.41538018571028))",415
"POLYGON ((2.215114795343426 41.411295987921356, 2.214870526134689 41.41147336282345, 2.214838420301568 41.41306376270608, 2.2151970555609175 41.41322264499798, 2.2187743904149753 41.411688743564504, 2.2186618855541416 41.411351687683215, 2.215114795343426 41.411295987921356))",416
"POLYGON ((2.2077083751997972 41.408367301103944, 2.2075929124971148 41.40985428679831, 2.2079372756494866 41.41002650685282, 2.2098636648139713 41.4093128718199, 2.211722567359114 41.408401669755996, 2.2118312549220724 41.408247635524276, 2.2117988496606955 41.4068137355444, 2.211691155820634 41.40666631894946, 2.209937758051089 41.40579742095213, 2.209681152532335 41.405794306599965, 2.2078420552990763 41.4066430046476, 2.207727826287127 41.40679492255862, 2.2077083751997972 41.408367301103944))",417
"POLYGON ((2.202588610965229 41.40278065519511, 2.2010685337735345 41.40177837256947, 2.2006716940028546 41.40190986779771, 2.200623288038915 41.4035376676447, 2.2007608930631073 41.40370480128278, 2.202581844824508 41.40434784496301, 2.204429827250767 41.40542495409805, 2.2048149990577963 41.40526997124186, 2.2046743263868924 41.40375075082762, 2.206428628473245 41.403198298860836, 2.2064683528651106 41.40288186979488, 2.2045703552533684 41.40193607197073, 2.204307468234886 41.40193546632029, 2.202588610965229 41.40278065519511))",418
"POLYGON ((2.1956718299295 41.39798243705914, 2.195565939123045 41.3981087752764, 2.19530693403571 41.39953987470266, 2.1954019469611428 41.39970916196122, 2.1971398486525424 41.400674664098645, 2.198903443945699 41.401286515413936, 2.1992416693822605 41.4011353824211, 2.1993800321968773 41.399659143592075, 2.200951192041379 41.39894386266034, 2.2009056850544333 41.39861946531792, 2.199303523602739 41.39820172395395, 2.1974376752629956 41.39724385276028, 2.1971717278997596 41.39724203873206, 2.1956718299295 41.39798243705914))",419
"POLYGON ((2.1900509313690546 41.39398407993398, 2.1899228690441723 41.394144890277545, 2.1899384630303156 41.39578469025493, 2.190052252915682 41.39593679934264, 2.1916773503251386 41.39669032754741, 2.1934103653903465 41.39771926610505, 2.193796911534918 41.397592867621334, 2.193996105063053 41.39580576715452, 2.193880854869513 41.39563625108549, 2.1922041704687634 41.394878151482885, 2.192220226228053 41.39342630037578, 2.191869828090333 41.39326528164236, 2.1900509313690546 41.39398407993398))",420
"POLYGON ((2.1935998954131133 41.387981169339454, 2.1940559806615103 41.387908223438586, 2.194088475321065 41.38645012332341, 2.194006675543639 41.38631142695254, 2.1924353762485618 41.38527762908455, 2.192061101996856 41.38548926653015, 2.1935998954131133 41.387981169339454))",421
"POLYGON ((2.182891342170505 41.38154401470484, 2.1829018057168175 41.383241840735124, 2.183033837963222 41.383402060766336, 2.184789541155118 41.384064662412804, 2.185135842748736 41.38390752021394, 2.1851754007724673 41.38253860477899, 2.186858245589421 41.3818581215557, 2.186984156162602 41.3817054566179, 2.1870544504092044 41.38013145642088, 2.1867145407752284 41.379962048332054, 2.1849418035985235 41.38058296006358, 2.183272389842621 41.379932587312055, 2.182923347495746 41.380089614819525, 2.182891342170505 41.38154401470484))",422
"POLYGON ((2.1774665355935867 41.38373469317308, 2.1757929875280273 41.38459934324037, 2.175810752511891 41.38490479834423, 2.1793913635468782 41.38646131064919, 2.1797520043536562 41.38630709581652, 2.179762840463809 41.3848303171463, 2.1814482466613896 41.38409709527918, 2.181441227982969 41.38378216852014, 2.1796921581462567 41.38307907650865, 2.177884765442883 41.38221900211147, 2.177517902002116 41.38236620951411, 2.1774665355935867 41.38373469317308))",423
"POLYGON ((2.1685003427980027 41.39543561283517, 2.16849714056634 41.39573761861792, 2.1702501427679453 41.39661142062851, 2.172079225144142 41.39730936060857, 2.172426408461467 41.39715185502875, 2.1724609357495632 41.39571303222115, 2.173776453189564 41.3948811571779, 2.173759423583584 41.39459541970694, 2.1723308649135586 41.39384587551872, 2.170766567200198 41.39313297720564, 2.17040423900545 41.39327263648153, 2.170263669945758 41.39458678785388, 2.1685003427980027 41.39543561283517))",426
"POLYGON ((2.1667235352329075 41.399519179991294, 2.166627564784116 41.39965082553183, 2.1665017600184493 41.400962625229184, 2.1666222122905268 41.4011322371715, 2.168462315221061 41.401919339068435, 2.1686701559904478 41.40192972472733, 2.1703680596716164 41.40141302345297, 2.170421455387295 41.40110159689983, 2.1690080180155955 41.40030774978051, 2.170503904421779 41.39962665669737, 2.1706193499369153 41.39947377996226, 2.170633744342013 41.39794797988054, 2.1702785794143984 41.39778910743476, 2.168450333446244 41.398553382092395, 2.1667235352329075 41.399519179991294))",427
"POLYGON ((2.1629031756750807 41.40578607178422, 2.162849703013293 41.40727543236039, 2.1629908504551123 41.40744463168432, 2.1646751537956876 41.40801423313536, 2.1650124390823717 41.407846313419405, 2.1649786950861762 41.406570589200435, 2.1650924050018894 41.404770659001684, 2.164956372203401 41.4045994852586, 2.1632486754429228 41.4039864868007, 2.163018915221061 41.40399631903788, 2.1612502178117277 41.404828317134466, 2.161266009740887 41.4051406967263, 2.1629031756750807 41.40578607178422))",428
"POLYGON ((2.1666302506661332 41.41174733700191, 2.1647809610498703 41.41108062164189, 2.164439591592667 41.41126178468166, 2.1646413863187055 41.412718585045184, 2.1647526769700423 41.412852717773475, 2.1663790792375277 41.41361701956656, 2.16661552187166 41.413624298576, 2.1685254253731676 41.41288249680705, 2.1686549421907215 41.41271828875044, 2.1686127370835564 41.411326488789626, 2.168271854996226 41.41116750908594, 2.1666302506661332 41.41174733700191))",429
"POLYGON ((2.1736917581440616 41.41500648451359, 2.1720668309379527 41.41427413526599, 2.171704592745705 41.414429694332306, 2.1717153873395336 41.41590229430432, 2.171850810884523 41.41606359022921, 2.1735958409720038 41.41669657153285, 2.17539444015961 41.41763325187071, 2.17576989153667 41.4174879862228, 2.175802410907714 41.414405600343315, 2.1754439762852287 41.414249454936076, 2.1736917581440616 41.41500648451359))",430
"POLYGON ((2.175359218413072 41.42350414545955, 2.1752312743682745 41.42366131295374, 2.1752041684708217 41.42526801284348, 2.1753166067846466 41.42542304922841, 2.177020209155502 41.426224751108805, 2.177261045488748 41.426230426739856, 2.1791415487811108 41.425464224927936, 2.1792669474485358 41.42530679313374, 2.1793147995786923 41.42221529968252, 2.1789611318891846 41.422053748587906, 2.175359218413072 41.42350414545955))",431
"POLYGON ((2.173279501528853 41.43702629413794, 2.173228382163685 41.43849979869845, 2.173550976076577 41.43867339890304, 2.1754151802887973 41.43815289760714, 2.1755709611745426 41.437993546646865, 2.1757128538207064 41.43598134628735, 2.175544224506095 41.435799622215214, 2.173565220137301 41.4353411978931, 2.172047049978637 41.43429163478734, 2.171646355769781 41.434411134852326, 2.1714664490473377 41.43625873442068, 2.1716035774044657 41.43643501203287, 2.173279501528853 41.43702629413794))",432
,433
"POLYGON ((2.0685776778442606 41.35570790623122, 2.068471425412859 41.35585549644174, 2.068447219959927 41.357346196334824, 2.068793631199069 41.357509378005716, 2.07077663492062 41.356758776215095, 2.072464277742334 41.35590030855026, 2.0724448458230444 41.355592970827864, 2.0705691489418467 41.354821572707365, 2.0703217755560424 41.35482990819856, 2.0685776778442606 41.35570790623122))",509
"POLYGON ((2.0792577730272557 41.35919324983144, 2.0793675131079183 41.3605810143431, 2.0798136985808418 41.36065982043664, 2.081490893979436 41.35845301739752, 2.081420666567476 41.358215995339684, 2.0797148741762417 41.35731648729301, 2.0777816774787627 41.356540889194676, 2.077539379799597 41.356548667155465, 2.0758095821979783 41.35739226524858, 2.075822356343104 41.35770054653322, 2.0792577730272557 41.35919324983144))",510
"POLYGON ((2.082259575334939 41.363715962846534, 2.0827232930210897 41.36538352987241, 2.083074353850258 41.36550157843276, 2.0869762462498342 41.36388964810628, 2.086962268254801 41.36356656781604, 2.084870208280117 41.36285344968944, 2.0831164978688976 41.362046840779854, 2.0827594805175047 41.362158263898785, 2.082259575334939 41.363715962846534))",511
,512
"POLYGON ((2.0970941875302214 41.36986637609342, 2.0969663277235147 41.37003275434971, 2.097048921745232 41.37166685445871, 2.0971819552639404 41.3718215077077, 2.0989000584197557 41.37246100930438, 2.0990892715971956 41.37246837632867, 2.1009287757461133 41.37195367505385, 2.1009852948614833 41.371638633548436, 2.0995058086828307 41.37083569182262, 2.1010033643334096 41.370237985811066, 2.101004423569347 41.36992003963791, 2.0991153267751796 41.369156841505756, 2.0988911842867366 41.36915607777692, 2.0970941875302214 41.36986637609342))",513
"POLYGON ((2.1060237634360233 41.37235701678952, 2.1042301022270116 41.37305831420266, 2.104206978563692 41.37336776060023, 2.105960680697759 41.37425476263153, 2.1095514888113454 41.37579817659631, 2.10991094547709 41.37565458466705, 2.1100318404729483 41.37427718436896, 2.109927449063628 41.37411620986455, 2.108166405237411 41.37321644133036, 2.108235474209891 41.371870056440514, 2.1078954597140664 41.371699818377806, 2.1060237634360233 41.37235701678952))",514
"POLYGON ((2.1167317326588835 41.375550910485224, 2.11662625352877 41.3756926668929, 2.116540048013788 41.377203866661084, 2.116877493104288 41.37737576532429, 2.1186682474577156 41.376766201889765, 2.1203037704723684 41.37747305594952, 2.1206619545215086 41.37731903932318, 2.1206860128525062 41.37586111699243, 2.1224705537213198 41.37535927077944, 2.1225350136535677 41.37504905363086, 2.120496115231276 41.37383765624237, 2.1202190355430983 41.37382738603611, 2.1167317326588835 41.375550910485224))",515
"POLYGON ((2.125678519875426 41.37498797336071, 2.123945504296392 41.37554521387698, 2.123912907479996 41.37586379202228, 2.12742778334592 41.377471877305695, 2.1277885357115536 41.377322908928605, 2.127859763782531 41.37574157659712, 2.129357216883707 41.375108666938, 2.1311098331885563 41.37572866351634, 2.131331467857819 41.3754097528425, 2.1278200732953607 41.3738760565169, 2.127553273245628 41.373889695733645, 2.125678519875426 41.37498797336071))",516
"POLYGON ((2.145451747331765 41.38352189589245, 2.1438051085267835 41.38276502609316, 2.1434414706227427 41.38291211063627, 2.1433597645717826 41.384568110410186, 2.1434933763963677 41.38473650985542, 2.145331469430138 41.38541599549292, 2.147295973387249 41.38606449715254, 2.147631202283037 41.38589857913215, 2.1476195960167015 41.384189079096004, 2.147455228633103 41.38401889145956, 2.145451747331765 41.38352189589245))",519
"POLYGON ((2.1508387105940456 41.3875969223501, 2.1490996587479296 41.38679106872446, 2.148736074044036 41.38696081815288, 2.148877969780461 41.38813571840272, 2.1489870050572155 41.38827101687491, 2.150616866956439 41.38905867009322, 2.1523920475942484 41.3901224668399, 2.1527801754001024 41.38998500032287, 2.1527953949238023 41.38679865332156, 2.1524075150120696 41.386659477587905, 2.1508387105940456 41.3875969223501))",520
"POLYGON ((2.1735010001919837 41.41064626314347, 2.173458399260619 41.41175298189285, 2.173786117325145 41.411925572597006, 2.175418688563378 41.41143623460332, 2.1773820541623845 41.412231160763874, 2.177734533090536 41.41206572384308, 2.1776550320337473 41.41047571972787, 2.1776713834268437 41.4089118181895, 2.177276026400687 41.40877384285062, 2.1757423595551604 41.40976731136502, 2.1739363312710003 41.40884501418008, 2.173562803237041 41.40898904445411, 2.1735010001919837 41.41064626314347))",524
"POLYGON ((2.1805672783496917 41.41527394868088, 2.180591002906871 41.41659004462541, 2.180922535889855 41.41675383295073, 2.1828155399238907 41.41615863148663, 2.182962581532047 41.41598929831858, 2.1829279759792937 41.41447659833889, 2.182820033281731 41.41432910223638, 2.1811442354223782 41.41350090414813, 2.180899381594964 41.413492908105454, 2.179051384844307 41.41424250633185, 2.17903798702662 41.414553830364056, 2.1805672783496917 41.41527394868088))",525
"POLYGON ((2.1809389204096292 41.42279388031945, 2.178934083337197 41.42353332746726, 2.1789203822146317 41.4238513980927, 2.182485471309811 41.425427794508565, 2.1828481184818256 41.42527637362853, 2.1828781926332 41.42390508145906, 2.1845533813642075 41.42322917528033, 2.1845588215310614 41.42291388884433, 2.182785296330817 41.42215298300201, 2.1810577854452613 41.42125325728991, 2.1806845746090486 41.42142637678924, 2.1809389204096292 41.42279388031945))",527
"POLYGON ((2.1749574971056354 41.42967114989044, 2.1734130298931604 41.42902040791603, 2.1730606879734 41.429210205321915, 2.17346398218942 41.43085950608464, 2.173587232181483 41.430986046781534, 2.1752428350349415 41.431646948404534, 2.175465546913091 41.431647588355865, 2.1773422503264714 41.43091218660362, 2.177471006039561 41.43074820258875, 2.177422800322641 41.429191602635264, 2.177336044974881 41.429056972210205, 2.175580146081452 41.427964074523324, 2.175189674938265 41.42808319545614, 2.1749574971056354 41.42967114989044))",529
"POLYGON ((2.168050340301787 41.42979420687393, 2.166286658307778 41.43041302196074, 2.1662579265851076 41.430727628334225, 2.1680187289031845 41.43158353032198, 2.1682838294544546 41.43158084827873, 2.1701104317387525 41.43063964617623, 2.1704664008233094 41.429268500209986, 2.17013013611095 41.42907740861703, 2.168050340301787 41.42979420687393))",530
"POLYGON ((2.1591005990501886 41.42890479099545, 2.1573565715242227 41.42948754830274, 2.157308829890002 41.42979560895778, 2.159013731402055 41.4307711110956, 2.159281071297903 41.430782484327096, 2.162848734547388 41.42919388942084, 2.162860978540433 41.42888911139763, 2.1610759807145365 41.4279856134681, 2.160803177188325 41.427988558696775, 2.1591005990501886 41.42890479099545))",531
"POLYGON ((2.1541097283549933 41.42311754245939, 2.1539641408747294 41.42335919135942, 2.1554553334710027 41.42599879411326, 2.155914845054595 41.425933699278055, 2.1559733850594673 41.42445579612592, 2.1559266793951677 41.42291309616843, 2.155612724800958 41.422746043390696, 2.1541097283549933 41.42311754245939))",532
"POLYGON ((2.1487234261660504 41.42095114017525, 2.148475488987283 41.42094323840787, 2.1466363921572653 41.421704336614894, 2.14662015504927 41.42201269925271, 2.1484073573210676 41.42289770129569, 2.150199794133191 41.42364673303346, 2.1505549318373327 41.42349838962317, 2.150654926454008 41.42202478936641, 2.1505485238985043 41.421865638072546, 2.1487234261660504 41.42095114017525))",533
,555
"POLYGON ((2.0713665783194353 41.28779905265323, 2.0713546027449525 41.288112645851285, 2.073121405321601 41.28891674775178, 2.073483520986193 41.28876836339567, 2.073549715407657 41.28723506320144, 2.073199575034497 41.28706985437383, 2.0713665783194353 41.28779905265323))",901
,903
"POLYGON ((2.0728220458623583 41.31048347031232, 2.0727248870380337 41.31062097126375, 2.0726402815635323 41.3121259710329, 2.0729902361288195 41.31229303687244, 2.07483803945114 41.311560135140674, 2.074965641213751 41.31139578418093, 2.0749035349522122 41.30968038424302, 2.0745231440531113 41.30954017236285, 2.0728220458623583 41.31048347031232))",904
"POLYGON ((2.0869970490986067 41.316948669487466, 2.0873540511505317 41.31710523037977, 2.089048453960365 41.316379328689585, 2.0890607155821654 41.316071698512644, 2.0873655177689114 41.31524010043371, 2.086996254787501 41.31539116954441, 2.0869970490986067 41.316948669487466))",905
"POLYGON ((2.092209182906485 41.322406118882085, 2.0922298350298383 41.324044210187516, 2.0926104166897344 41.32418751163005, 2.094222335766142 41.323293534435166, 2.0961675250435166 41.32267227738612, 2.0961882500322546 41.322348048649054, 2.0945243512918768 41.32166757168474, 2.0945548350514698 41.3201631517963, 2.0941834102943333 41.320010473694715, 2.0924820125338397 41.32086497178034, 2.092376487974022 41.32099881927619, 2.092209182906485 41.322406118882085))",906
"POLYGON ((2.0926281929254116 41.33020621879042, 2.0923908446150143 41.3300314531257, 2.08881005447818 41.33001395327451, 2.088682305943347 41.33034709077403, 2.090464708431136 41.33118239273274, 2.0923481038147553 41.331828538960394, 2.0926857982333495 41.33165911872644, 2.0926281929254116 41.33020621879042))",907
"POLYGON ((2.101124777089674 41.32952477962371, 2.1010761639136484 41.33107223546965, 2.1013799128660784 41.33124990037594, 2.103454492475442 41.3307872758966, 2.104980692792763 41.32968317372905, 2.104938727174558 41.32939897768491, 2.103270986346775 41.3286408681468, 2.1014513897409834 41.32797646981052, 2.1011082173811677 41.32814022434331, 2.101124777089674 41.32952477962371))",909
"POLYGON ((2.1123151180139503 41.332504451480254, 2.111214404606682 41.33171638291943, 2.1108189775638837 41.33189373876919, 2.111686069533478 41.334326540408945, 2.112052732955469 41.33442803189788, 2.11393443526467 41.333448429724186, 2.1139104207593156 41.333140980719826, 2.1123151180139503 41.332504451480254))",910
"POLYGON ((2.1263087426426623 41.34092174416493, 2.126119641485926 41.34125254417345, 2.129749948540118 41.34251194736147, 2.1299600789227875 41.342188425558824, 2.1281548820874696 41.34148182729933, 2.1263087426426623 41.34092174416493))",911
"POLYGON ((2.1278773706200664 41.352129253631034, 2.1275939883201085 41.35373931530167, 2.1280292261344345 41.35386372360855, 2.1299137720759784 41.35175793543863, 2.1316559628560947 41.35098704650745, 2.1315643761823906 41.35065292339873, 2.128084885524689 41.35032712437193, 2.1278164211256874 41.35051101096943, 2.1278773706200664 41.352129253631034))",912
"POLYGON ((2.124030505101373 41.35692957273363, 2.124032295532531 41.35859004657775, 2.124148173507254 41.3587442837225, 2.125934576136105 41.3595536856405, 2.1261782256983097 41.35955493398759, 2.1279535285547517 41.358775132177996, 2.1279453569399474 41.35846043801526, 2.126289511369164 41.35779703838493, 2.126180178614347 41.3561996224193, 2.1260254619127275 41.35604025064839, 2.1242949657060874 41.35555055193612, 2.1239719662945253 41.35572579659378, 2.124030505101373 41.35692957273363))",913
"POLYGON ((2.117004632254686 41.36004917239054, 2.1168985630614516 41.360187771631466, 2.1167806579396755 41.36159757133875, 2.116946241498631 41.36178043563116, 2.118293944643747 41.36210623650869, 2.1186059837521984 41.36192869627729, 2.1185776050571734 41.36128752119583, 2.1204761398769594 41.36176044449901, 2.1207899900875677 41.36159879422602, 2.1208831851917256 41.3602540939863, 2.1207796782774313 41.360096152948444, 2.119007180337938 41.3591798550299, 2.118739329970315 41.35917847434456, 2.117004632254686 41.36004917239054))",914
"POLYGON ((2.1930851663721227 41.43020162849649, 2.193084225128719 41.43166101278026, 2.193465092709381 41.431806409892324, 2.195106194468093 41.43090130791183, 2.1952033480345414 41.43076999724715, 2.1953406832189004 41.42910636822723, 2.194048678455803 41.42718447055667, 2.1935990159235756 41.42723610272134, 2.193348004894415 41.42836642659711, 2.191520693288413 41.429154492611325, 2.1915130233010682 41.429463655064694, 2.1930851663721227 41.43020162849649))",932
"POLYGON ((2.204040177432959 41.4364424084154, 2.2039173312076397 41.43798321092532, 2.2042806579250556 41.43814793751868, 2.207769578770878 41.436591535570415, 2.2077693340855893 41.43627955816974, 2.204158031384672 41.43470309492438, 2.2037996028933584 41.434879428449456, 2.204040177432959 41.4364424084154))",933
"POLYGON ((2.2164093746364353 41.44233174135965, 2.2165199580322033 41.44343593756855, 2.2168783700075654 41.443578431993856, 2.218424272527358 41.44290713042535, 2.2185439920599044 41.44275367314288, 2.2185741862165353 41.44116297302963, 2.218450906403676 41.44100285267179, 2.2166481093669006 41.44025055449737, 2.21641838044325 41.440249529955324, 2.214606983626646 41.4409844282138, 2.2145760242086587 41.44128659316168, 2.2164093746364353 41.44233174135965))",934
"POLYGON ((2.225041590429088 41.44283354177385, 2.2236793497137675 41.44353149127966, 2.223700661842649 41.44383904609117, 2.2253423646345407 41.44450364771653, 2.2255817315861783 41.44449821751639, 2.227102533846443 41.44379051588936, 2.2272134952391234 41.443663393833326, 2.2275252895543116 41.44206069314914, 2.2274174326508556 41.44188285255013, 2.2257585348765527 41.44108415440974, 2.2255168665650364 41.44107693130061, 2.2235807700054306 41.441853629455615, 2.223569924380574 41.442166943079044, 2.225041590429088 41.44283354177385))",935
"POLYGON ((2.207503976308684 41.4457493128857, 2.2076222848974933 41.44609071663107, 2.2110245942839404 41.44596021635753, 2.2112451214730933 41.44582263810935, 2.2116951302352024 41.44436789835765, 2.211363923974939 41.442618098977384, 2.210912513440461 41.44256330661602, 2.209232432644564 41.4451062299819, 2.207503976308684 41.4457493128857))",940
"POLYGON ((2.2146697105832827 41.447555295570766, 2.214236531792145 41.44879489070664, 2.214554210370976 41.449008796940774, 2.216579414869276 41.448421495480794, 2.2182275580793895 41.447732463119614, 2.2182393407936605 41.44742301590185, 2.216339460036197 41.44651536447998, 2.2149167325523536 41.4455211970735, 2.2146199825544253 41.44550381401849, 2.212738984977203 41.44645771187563, 2.212757524398513 41.446764996182196, 2.2146697105832827 41.447555295570766))",941
"POLYGON ((2.210746102827149 41.453815562344886, 2.2090547679125647 41.454331868228415, 2.2091040224381744 41.454676318576695, 2.210829127920651 41.45490058773765, 2.2125975638968183 41.45626315626316, 2.2130083574359305 41.45613878083645, 2.2130247184573784 41.454641153066085, 2.214714462440061 41.453779417116, 2.2147047003794125 41.45347646007235, 2.2129062029905855 41.452651962022124, 2.212630787143906 41.452665870440164, 2.210746102827149 41.453815562344886))",943
"POLYGON ((2.2056377504734415 41.45729478693698, 2.2054237262612033 41.45731278464683, 2.20365512868233 41.45818008267968, 2.203669130705932 41.458488281860156, 2.2054064335389527 41.45921818362964, 2.20568925734997 41.459190704067154, 2.2072905576581507 41.45803140178349, 2.207207746995198 41.45773268578228, 2.2056377504734415 41.45729478693698))",944
"POLYGON ((2.196542422030659 41.456463458276254, 2.1963486451325536 41.45663849908221, 2.1963280394316933 41.45818879898857, 2.1966858959901194 41.45834719182783, 2.1985468690336707 41.457542940510386, 2.2001572689855298 41.45630763814257, 2.199948052347051 41.45600366316291, 2.196542422030659 41.456463458276254))",945
"POLYGON ((2.1317571134406466 41.322660540203465, 2.1303450695595405 41.324046855574956, 2.1305371039987695 41.32433554918992, 2.1319806564298593 41.32432960222769, 2.1335227460256316 41.32527364709147, 2.13390970005304 41.32510688383732, 2.133634364581666 41.32373327365943, 2.1339579291353763 41.322040188946865, 2.1336020104369458 41.32185844206694, 2.1317571134406466 41.322660540203465))",951
"POLYGON ((2.135056649809628 41.32892416051785, 2.135100915839646 41.32904252718683, 2.137209712542526 41.3312545306722, 2.13877191410088 41.33244619528349, 2.1391448071470136 41.33222443792483, 2.138090875726395 41.33094374135753, 2.1374308921315044 41.32980853433213, 2.137447586542612 41.328200910331724, 2.137321368857336 41.328040663748396, 2.1355497718683925 41.32732596549467, 2.1351986550653046 41.32747156085996, 2.135056649809628 41.32892416051785))",952
"POLYGON ((2.1392105501298877 41.336443105129426, 2.1397331161399324 41.33731991139462, 2.1400267913129922 41.33741688072143, 2.1413654797107684 41.337080038515595, 2.142255621078619 41.33852410438669, 2.142698200004268 41.33838909363901, 2.1417755938614773 41.33638699537001, 2.14092173709147 41.33596021787283, 2.1403370914842497 41.33464179428958, 2.1390984729157756 41.33366470358925, 2.1386888863859665 41.33379045189024, 2.138683880844741 41.33530625182619, 2.1392105501298877 41.336443105129426))",953
"POLYGON ((2.1427039832743993 41.34190699223002, 2.142699792545958 41.3421018986518, 2.143929208225465 41.34358250268605, 2.1457857086740244 41.344877605281475, 2.1463799169326245 41.344707795290745, 2.146442806339825 41.34449316178011, 2.145695642372701 41.3433083373981, 2.1444831208068003 41.34223467465996, 2.1441744292861946 41.3408068300687, 2.143739585194615 41.340735894018984, 2.1427039832743993 41.34190699223002))",954
"POLYGON ((2.1425122108722467 41.35352789688017, 2.1422410349314416 41.353541510301966, 2.1403056365616404 41.35469930784471, 2.1403362427476784 41.35499705772017, 2.142104417781794 41.355753540066424, 2.1438440594105868 41.35665456006715, 2.144218362602254 41.35651408604111, 2.1443343554229966 41.35454438573382, 2.144227791753538 41.35438633878891, 2.1425122108722467 41.35352789688017))",956
"POLYGON ((2.1369399290624096 41.35931850678553, 2.1365733282736796 41.35947881069311, 2.136659922917654 41.36094461081889, 2.1368789947699134 41.36111613188271, 2.1403341041808575 41.36133243256195, 2.140592533467347 41.36116432173704, 2.1407141282287196 41.35972222143697, 2.1403753091508944 41.35954722679962, 2.1386675389833516 41.36014099081646, 2.1369399290624096 41.35931850678553))",957
"POLYGON ((2.131104816745175 41.36335228094089, 2.131072206882626 41.36479994339589, 2.131468992421856 41.36493842822372, 2.1328609078288574 41.36401853701272, 2.134897342657122 41.363041555354826, 2.1348303270947233 41.36271549484753, 2.133270184164881 41.36240305337453, 2.1313938017385285 41.36166385768943, 2.131043991478662 41.361828916989964, 2.131104816745175 41.36335228094089))",958
"POLYGON ((2.12406376136826 41.36142579239588, 2.1225707507669944 41.36075440952973, 2.122209129164477 41.36090571843749, 2.1221659228239456 41.362639418286115, 2.1223036026879805 41.36280595171871, 2.124104906146098 41.36344135332277, 2.1243039348111528 41.36344264954086, 2.1262084387030638 41.3628008479808, 2.126349812161341 41.36263100464648, 2.1262834060520786 41.36096130472284, 2.1261878006368153 41.360822541552935, 2.1248902018359788 41.36008984316415, 2.124516249560723 41.360186228644395, 2.12406376136826 41.36142579239588))",959
"POLYGON ((2.1861216747466123 41.45024439994812, 2.1858890141842995 41.450090079840514, 2.1823159240609176 41.45004158006335, 2.1822183438828238 41.450387624493075, 2.184379481085506 41.451075156003455, 2.1860346267162494 41.451872987637856, 2.186400779935919 41.45169549942666, 2.1861216747466123 41.45024439994812))",1137
,1138
"POLYGON ((2.175285995227439 41.4611129755599, 2.1749463779723874 41.460956520083336, 2.1748677297235592 41.46123980244017, 2.175285995227439 41.4611129755599))",1139
,1140
