MUNIDESTI;CPDESTI;RAO;V6;V7;V8;V9;V10
Badalona;08911;Treball;2812;4695;7507;5888;13395
Badalona;08912;Treball;2557;2611;5168;2072;7239
Badalona;08913;Treball;1773;1550;3323;1765;5088
Badalona;08914;Treball;1314;1472;2786;1459;4246
Badalona;08915;Treball;2024;2176;4200;2815;7015
Badalona;08916;Treball;..;956;1061;2740;3801
Badalona;08917;Treball;3513;1501;5015;3373;8388
Badalona;08918;Treball;1351;2380;3731;3574;7306
Barcelona;08001;Treball;5569;15868;21437;14321;35758
Barcelona;08002;Treball;2489;12520;15009;9810;24819
Barcelona;08003;Treball;3955;14374;18328;9962;28291
Barcelona;08004;Treball;3486;5634;9120;4712;13831
Barcelona;08005;Treball;3933;13243;17176;9174;26350
Barcelona;08006;Treball;2991;16987;19978;10707;30685
Barcelona;08007;Treball;431;16039;16470;12960;29429
Barcelona;08008;Treball;481;11335;11816;8270;20086
Barcelona;08009;Treball;929;9808;10737;6810;17547
Barcelona;08010;Treball;1061;11626;12687;9333;22020
Barcelona;08011;Treball;1560;6062;7622;3653;11275
Barcelona;08012;Treball;2777;5851;8628;3711;12339
Barcelona;08013;Treball;4304;10111;14415;6071;20485
Barcelona;08014;Treball;5188;10473;15661;11205;26866
Barcelona;08015;Treball;4872;11241;16113;7310;23423
Barcelona;08016;Treball;4062;5181;9243;2690;11933
Barcelona;08017;Treball;2863;11768;14631;9257;23888
Barcelona;08018;Treball;3207;13739;16946;13604;30551
Barcelona;08019;Treball;2335;7880;10216;7315;17531
Barcelona;08020;Treball;4305;6091;10396;6178;16574
Barcelona;08021;Treball;2381;11004;13385;8613;21998
Barcelona;08022;Treball;2492;7694;10186;6460;16647
Barcelona;08023;Treball;2531;4603;7134;3344;10478
Barcelona;08024;Treball;4356;6474;10830;3060;13890
Barcelona;08025;Treball;5004;12097;17101;8517;25618
Barcelona;08026;Treball;2177;3159;5336;1987;7323
Barcelona;08027;Treball;4392;6167;10558;4065;14623
Barcelona;08028;Treball;7194;17612;24805;18695;43500
Barcelona;08029;Treball;4418;13580;17999;12485;30484
Barcelona;08030;Treball;6714;7856;14570;7510;22080
Barcelona;08031;Treball;2838;4484;7322;1931;9253
Barcelona;08032;Treball;4382;4144;8526;1706;10232
Barcelona;08033;Treball;1377;1791;3168;840;4008
Barcelona;08034;Treball;2751;11461;14211;11440;25651
Barcelona;08035;Treball;2529;9013;11542;6262;17804
Barcelona;08036;Treball;1867;12616;14483;9724;24208
Barcelona;08037;Treball;1220;7635;8855;3863;12718
Barcelona;08038;Treball;2235;5631;7866;5616;13482
Barcelona;08039;Treball;..;3323;3323;3026;6350
Barcelona;08040;Treball;..;7816;7816;13263;21079
Barcelona;08041;Treball;2223;4088;6311;2348;8659
Barcelona;08042;Treball;2930;3092;6022;1791;7813
Hospitalet de Llobregat, l';08901;Treball;5280;2608;7888;7291;15179
Hospitalet de Llobregat, l';08902;Treball;4166;1807;5973;5540;11512
Hospitalet de Llobregat, l';08903;Treball;1145;1222;2366;2057;4423
Hospitalet de Llobregat, l';08904;Treball;1864;862;2726;1711;4436
Hospitalet de Llobregat, l';08905;Treball;2368;1104;3472;2438;5910
Hospitalet de Llobregat, l';08906;Treball;2952;1415;4367;2486;6852
Hospitalet de Llobregat, l';08907;Treball;2589;3333;5922;10395;16317
Hospitalet de Llobregat, l';08908;Treball;299;1716;2015;8611;10627
Sabadell;08201;Treball;1660;5395;7055;4521;11576
Sabadell;08202;Treball;1798;2795;4593;3464;8057
Sabadell;08203;Treball;1595;2429;4024;2233;6257
Sabadell;08204;Treball;2453;1300;3752;1656;5408
Sabadell;08205;Treball;935;3401;4336;3122;7458
Sabadell;08206;Treball;3673;1941;5614;3087;8701
Sabadell;08207;Treball;3016;1272;4288;1605;5894
Sabadell;08208;Treball;1816;2755;4571;2858;7429
Terrassa;08221;Treball;2448;6256;8704;5279;13983
Terrassa;08222;Treball;2330;1867;4196;2011;6207
Terrassa;08223;Treball;2076;3578;5654;2492;8146
Terrassa;08224;Treball;3596;3138;6733;2041;8774
Terrassa;08225;Treball;3940;2415;6356;1043;7398
Terrassa;08226;Treball;1784;2506;4289;1106;5395
Terrassa;08227;Treball;1859;3010;4869;2476;7345
Terrassa;08228;Treball;435;1898;2333;1450;3783
Badalona;Total;Treball;15448;17343;32791;23688;56479
Barcelona;Total;Treball;126810;381171;507980;303598;811578
Hospitalet de Llobregat, l';Total;Treball;20662;14067;34728;40529;75257
Sabadell;Total;Treball;16945;21288;38233;22545;60779
Terrassa;Total;Treball;18467;24668;43135;17898;61033
Badalona;08911;Estudi;2548;3318;5865;1172;7037
Badalona;08912;Estudi;3547;3043;6590;446;7036
Badalona;08913;Estudi;3623;1275;4898;284;5182
Badalona;08914;Estudi;2308;2476;4784;281;5065
Badalona;08915;Estudi;3207;1661;4868;463;5330
Badalona;08916;Estudi;..;263;384;724;1108
Badalona;08917;Estudi;5729;942;6671;909;7580
Badalona;08918;Estudi;2183;1073;3256;274;3529
Barcelona;08001;Estudi;3654;6671;10326;6026;16352
Barcelona;08002;Estudi;1165;2428;3592;2580;6172
Barcelona;08003;Estudi;3326;3158;6484;2643;9128
Barcelona;08004;Estudi;3988;2115;6102;935;7038
Barcelona;08005;Estudi;5339;4806;10146;2834;12980
Barcelona;08006;Estudi;2611;5202;7813;1461;9274
Barcelona;08007;Estudi;326;2826;3152;2856;6007
Barcelona;08008;Estudi;312;1545;1857;1360;3217
Barcelona;08009;Estudi;832;4283;5115;1462;6578
Barcelona;08010;Estudi;694;3215;3909;2184;6093
Barcelona;08011;Estudi;1023;2037;3060;1096;4156
Barcelona;08012;Estudi;1955;2143;4099;495;4593
Barcelona;08013;Estudi;4152;3075;7227;1339;8566
Barcelona;08014;Estudi;5312;5353;10666;2341;13006
Barcelona;08015;Estudi;4391;4234;8625;1459;10084
Barcelona;08016;Estudi;5247;3407;8654;453;9107
Barcelona;08017;Estudi;3127;8005;11132;4834;15966
Barcelona;08018;Estudi;3400;3514;6914;1751;8666
Barcelona;08019;Estudi;2932;2474;5406;1065;6472
Barcelona;08020;Estudi;5318;2811;8129;1517;9646
Barcelona;08021;Estudi;1593;2165;3758;1892;5650
Barcelona;08022;Estudi;3254;6675;9930;3494;13423
Barcelona;08023;Estudi;1943;2345;4287;950;5237
Barcelona;08024;Estudi;4005;2777;6782;606;7388
Barcelona;08025;Estudi;5213;5534;10747;1413;12160
Barcelona;08026;Estudi;2731;1919;4650;633;5282
Barcelona;08027;Estudi;5705;3561;9267;880;10146
Barcelona;08028;Estudi;6245;6358;12603;8274;20877
Barcelona;08029;Estudi;3918;3551;7469;1491;8959
Barcelona;08030;Estudi;8903;3778;12681;1186;13867
Barcelona;08031;Estudi;4123;3848;7971;511;8483
Barcelona;08032;Estudi;5263;3108;8371;531;8902
Barcelona;08033;Estudi;2137;737;2874;322;3196
Barcelona;08034;Estudi;4046;10600;14646;8776;23421
Barcelona;08035;Estudi;3057;5402;8459;3444;11904
Barcelona;08036;Estudi;1638;4378;6016;2238;8254
Barcelona;08037;Estudi;924;1009;1933;759;2692
Barcelona;08038;Estudi;2796;1513;4310;950;5259
Barcelona;08039;Estudi;..;203;203;303;506
Barcelona;08040;Estudi;..;820;830;1417;2247
Barcelona;08041;Estudi;2433;2590;5023;676;5699
Barcelona;08042;Estudi;4551;2375;6926;305;7231
Hospitalet de Llobregat, l';08901;Estudi;5785;2178;7963;1346;9309
Hospitalet de Llobregat, l';08902;Estudi;4939;953;5891;1878;7770
Hospitalet de Llobregat, l';08903;Estudi;1387;1258;2645;214;2860
Hospitalet de Llobregat, l';08904;Estudi;1881;920;2801;260;3061
Hospitalet de Llobregat, l';08905;Estudi;3582;952;4534;260;4794
Hospitalet de Llobregat, l';08906;Estudi;5336;1175;6512;921;7433
Hospitalet de Llobregat, l';08907;Estudi;3766;1484;5249;2094;7343
Hospitalet de Llobregat, l';08908;Estudi;180;348;528;418;946
Sabadell;08201;Estudi;2221;5474;7695;1659;9354
Sabadell;08202;Estudi;2334;2157;4491;1168;5659
Sabadell;08203;Estudi;1597;683;2280;270;2549
Sabadell;08204;Estudi;3587;900;4486;688;5174
Sabadell;08205;Estudi;1338;1385;2723;410;3133
Sabadell;08206;Estudi;6229;1447;7676;832;8508
Sabadell;08207;Estudi;4033;907;4940;359;5298
Sabadell;08208;Estudi;1907;837;2743;662;3406
Terrassa;08221;Estudi;2990;5832;8821;1252;10074
Terrassa;08222;Estudi;3347;2020;5367;1946;7313
Terrassa;08223;Estudi;2502;1696;4199;538;4737
Terrassa;08224;Estudi;5480;1518;6998;397;7395
Terrassa;08225;Estudi;4988;2169;7157;353;7510
Terrassa;08226;Estudi;1884;997;2881;208;3089
Terrassa;08227;Estudi;2868;1219;4087;430;4517
Terrassa;08228;Estudi;683;539;1222;156;1378
Badalona;Total;Estudi;23265;14050;37315;4553;41868
Barcelona;Total;Estudi;133593;148551;282143;81741;363885
Hospitalet de Llobregat, l';Total;Estudi;26856;9268;36124;7391;43515
Sabadell;Total;Estudi;23246;13789;37034;6047;43081
Terrassa;Total;Estudi;24742;15991;40733;5281;46014
