MUNIORIGEN;CPORIGEN;RAO;V1;V2;V3;V4;V5
Badalona;08911;Treball;2812;1222;4034;4447;8482
Badalona;08912;Treball;2557;2815;5371;7756;13127
Badalona;08913;Treball;1773;2020;3793;7869;11662
Badalona;08914;Treball;1314;2814;4128;6021;10149
Badalona;08915;Treball;2024;2137;4161;5844;10005
Badalona;08916;Treball;..;341;445;586;1031
Badalona;08917;Treball;3513;4135;7648;13521;21170
Badalona;08918;Treball;1351;1859;3210;4524;7735
Barcelona;08001;Treball;5569;9952;15521;2868;18389
Barcelona;08002;Treball;2489;5128;7617;1932;9549
Barcelona;08003;Treball;3955;8061;12016;3717;15733
Barcelona;08004;Treball;3486;11524;15010;4401;19411
Barcelona;08005;Treball;3933;9044;12978;5259;18237
Barcelona;08006;Treball;2991;7422;10413;2774;13187
Barcelona;08007;Treball;431;1576;2007;498;2505
Barcelona;08008;Treball;481;1682;2163;477;2640
Barcelona;08009;Treball;929;2573;3502;1490;4992
Barcelona;08010;Treball;1061;2360;3422;682;4104
Barcelona;08011;Treball;1560;5332;6892;1953;8844
Barcelona;08012;Treball;2777;8834;11611;3288;14899
Barcelona;08013;Treball;4304;15958;20262;6539;26800
Barcelona;08014;Treball;5188;15702;20890;8646;29536
Barcelona;08015;Treball;4872;16410;21283;6999;28282
Barcelona;08016;Treball;4062;12586;16648;6095;22743
Barcelona;08017;Treball;2863;7097;9960;3201;13160
Barcelona;08018;Treball;3207;11772;14979;5229;20208
Barcelona;08019;Treball;2335;7466;9801;3716;13517
Barcelona;08020;Treball;4305;13616;17920;6850;24771
Barcelona;08021;Treball;2381;6218;8599;2193;10792
Barcelona;08022;Treball;2492;7675;10167;2874;13042
Barcelona;08023;Treball;2531;10493;13024;3580;16604
Barcelona;08024;Treball;4356;13623;17979;5583;23562
Barcelona;08025;Treball;5004;16981;21985;6637;28621
Barcelona;08026;Treball;2177;10801;12978;4027;17005
Barcelona;08027;Treball;4392;16102;20494;8003;28497
Barcelona;08028;Treball;7194;17654;24848;10387;35235
Barcelona;08029;Treball;4418;13561;17979;5824;23804
Barcelona;08030;Treball;6714;14880;21594;9709;31303
Barcelona;08031;Treball;2838;11568;14407;4706;19113
Barcelona;08032;Treball;4382;12809;17191;6005;23195
Barcelona;08033;Treball;1377;4653;6030;2961;8991
Barcelona;08034;Treball;2751;5985;8735;3035;11771
Barcelona;08035;Treball;2529;6633;9162;2730;11892
Barcelona;08036;Treball;1867;5804;7671;2509;10180
Barcelona;08037;Treball;1220;3832;5052;1863;6915
Barcelona;08038;Treball;2235;6896;9130;4258;13388
Barcelona;08039;Treball;..;..;..;..;..
Barcelona;08040;Treball;..;..;..;..;..
Barcelona;08041;Treball;2223;9440;11662;4185;15847
Barcelona;08042;Treball;2930;11301;14231;5655;19886
Hospitalet de Llobregat, l';08901;Treball;5280;3173;8453;13000;21453
Hospitalet de Llobregat, l';08902;Treball;4166;2434;6600;12322;18922
Hospitalet de Llobregat, l';08903;Treball;1145;1114;2258;5176;7435
Hospitalet de Llobregat, l';08904;Treball;1864;2025;3889;6745;10633
Hospitalet de Llobregat, l';08905;Treball;2368;1819;4187;8978;13165
Hospitalet de Llobregat, l';08906;Treball;2952;1873;4825;10960;15785
Hospitalet de Llobregat, l';08907;Treball;2589;1292;3881;5867;9747
Hospitalet de Llobregat, l';08908;Treball;299;337;636;976;1612
Sabadell;08201;Treball;1660;1936;3596;3550;7145
Sabadell;08202;Treball;1798;2497;4295;4610;8905
Sabadell;08203;Treball;1595;3011;4606;5664;10270
Sabadell;08204;Treball;2453;2237;4690;5529;10219
Sabadell;08205;Treball;935;1640;2575;3210;5785
Sabadell;08206;Treball;3673;4684;8357;9964;18322
Sabadell;08207;Treball;3016;2855;5871;4733;10604
Sabadell;08208;Treball;1816;2428;4243;4890;9133
Terrassa;08221;Treball;2448;1763;4211;4305;8516
Terrassa;08222;Treball;2330;3268;5597;4391;9988
Terrassa;08223;Treball;2076;2687;4763;4129;8892
Terrassa;08224;Treball;3596;4540;8135;8193;16328
Terrassa;08225;Treball;3940;5175;9116;8192;17307
Terrassa;08226;Treball;1784;3622;5406;4197;9603
Terrassa;08227;Treball;1859;2895;4753;5467;10220
Terrassa;08228;Treball;435;719;1154;1790;2944
Badalona;Total;Treball;15448;17343;32791;50569;83360
Barcelona;Total;Treball;126810;381171;507980;173396;681377
Hospitalet de Llobregat, l';Total;Treball;20662;14067;34728;64024;98752
Sabadell;Total;Treball;16945;21288;38233;42149;80382
Terrassa;Total;Treball;18467;24668;43135;40664;83799
Badalona;08911;Estudi;2548;802;3349;872;4222
Badalona;08912;Estudi;3547;1688;5235;920;6155
Badalona;08913;Estudi;3623;2071;5694;887;6581
Badalona;08914;Estudi;2308;1615;3923;1006;4929
Badalona;08915;Estudi;3207;1567;4773;648;5421
Badalona;08916;Estudi;..;260;381;..;524
Badalona;08917;Estudi;5729;4645;10374;2301;12674
Badalona;08918;Estudi;2183;1403;3586;614;4200
Barcelona;08001;Estudi;3654;2325;5979;652;6632
Barcelona;08002;Estudi;1165;1250;2414;356;2770
Barcelona;08003;Estudi;3326;2846;6172;324;6497
Barcelona;08004;Estudi;3988;4591;8579;955;9534
Barcelona;08005;Estudi;5339;3872;9212;695;9906
Barcelona;08006;Estudi;2611;3778;6389;609;6999
Barcelona;08007;Estudi;326;505;831;..;884
Barcelona;08008;Estudi;312;590;902;..;995
Barcelona;08009;Estudi;832;1148;1980;313;2293
Barcelona;08010;Estudi;694;836;1530;245;1775
Barcelona;08011;Estudi;1023;2378;3400;227;3628
Barcelona;08012;Estudi;1955;2865;4821;581;5402
Barcelona;08013;Estudi;4152;7045;11197;828;12025
Barcelona;08014;Estudi;5312;4930;10242;1179;11421
Barcelona;08015;Estudi;4391;6219;10610;840;11450
Barcelona;08016;Estudi;5247;4279;9526;1069;10595
Barcelona;08017;Estudi;3127;3376;6503;1078;7581
Barcelona;08018;Estudi;3400;4907;8308;717;9024
Barcelona;08019;Estudi;2932;2644;5576;452;6029
Barcelona;08020;Estudi;5318;4317;9635;1054;10689
Barcelona;08021;Estudi;1593;4208;5801;551;6351
Barcelona;08022;Estudi;3254;3366;6620;657;7277
Barcelona;08023;Estudi;1943;5255;7197;925;8122
Barcelona;08024;Estudi;4005;5885;9891;872;10763
Barcelona;08025;Estudi;5213;6096;11308;932;12240
Barcelona;08026;Estudi;2731;4226;6957;760;7717
Barcelona;08027;Estudi;5705;5059;10764;1170;11934
Barcelona;08028;Estudi;6245;7598;13843;1522;15365
Barcelona;08029;Estudi;3918;5602;9520;1096;10616
Barcelona;08030;Estudi;8903;3825;12728;1127;13855
Barcelona;08031;Estudi;4123;4140;8263;552;8816
Barcelona;08032;Estudi;5263;4365;9628;967;10594
Barcelona;08033;Estudi;2137;2613;4750;498;5248
Barcelona;08034;Estudi;4046;2898;6944;744;7688
Barcelona;08035;Estudi;3057;2773;5830;455;6286
Barcelona;08036;Estudi;1638;2240;3878;367;4245
Barcelona;08037;Estudi;924;1965;2888;571;3459
Barcelona;08038;Estudi;2796;3203;5999;844;6843
Barcelona;08039;Estudi;..;..;..;..;..
Barcelona;08040;Estudi;..;..;..;..;..
Barcelona;08041;Estudi;2433;3717;6150;585;6735
Barcelona;08042;Estudi;4551;4806;9357;595;9953
Hospitalet de Llobregat, l';08901;Estudi;5785;1735;7520;1889;9409
Hospitalet de Llobregat, l';08902;Estudi;4939;1162;6101;2221;8321
Hospitalet de Llobregat, l';08903;Estudi;1387;1080;2467;1410;3877
Hospitalet de Llobregat, l';08904;Estudi;1881;1353;3234;2241;5475
Hospitalet de Llobregat, l';08905;Estudi;3582;1655;5237;1849;7087
Hospitalet de Llobregat, l';08906;Estudi;5336;1313;6650;1653;8303
Hospitalet de Llobregat, l';08907;Estudi;3766;753;4518;619;5137
Hospitalet de Llobregat, l';08908;Estudi;180;216;396;..;674
Sabadell;08201;Estudi;2221;701;2922;831;3753
Sabadell;08202;Estudi;2334;1651;3985;795;4781
Sabadell;08203;Estudi;1597;3119;4716;964;5680
Sabadell;08204;Estudi;3587;964;4551;962;5513
Sabadell;08205;Estudi;1338;1217;2555;578;3134
Sabadell;08206;Estudi;6229;2774;9003;1109;10112
Sabadell;08207;Estudi;4033;1166;5199;783;5983
Sabadell;08208;Estudi;1907;2197;4104;1011;5114
Terrassa;08221;Estudi;2990;1341;4331;852;5183
Terrassa;08222;Estudi;3347;2159;5505;1314;6819
Terrassa;08223;Estudi;2502;1448;3950;701;4651
Terrassa;08224;Estudi;5480;2548;8029;2033;10061
Terrassa;08225;Estudi;4988;2579;7566;1561;9127
Terrassa;08226;Estudi;1884;3784;5668;570;6238
Terrassa;08227;Estudi;2868;1573;4441;903;5344
Terrassa;08228;Estudi;683;560;1242;410;1653
Badalona;Total;Estudi;23265;14050;37315;7392;44707
Barcelona;Total;Estudi;133593;148551;282143;28111;310255
Hospitalet de Llobregat, l';Total;Estudi;26856;9268;36124;12160;48284
Sabadell;Total;Estudi;23246;13789;37034;7034;44068
Terrassa;Total;Estudi;24742;15991;40733;8344;49077
